Order_ID,Order_Date,Category,Sub_Category,Quantity,Price,Discount,Revenue,Profit,Customer_Segment,Region
O00001,2023-08-03,Grocery,Snacks,8,3872,0.18,25400.32,3534.87,Home Office,East
O00002,2023-07-11,Sports,Fitness,6,869,0.22,4066.92,966.75,Consumer,North
O00003,2023-06-19,Grocery,Beverages,6,4943,0.01,29361.42,4549.7,Home Office,South
O00004,2023-01-21,Home,Decor,4,1628,0.01,6446.88,1105.7,Consumer,East
O00005,2023-12-06,Clothing,Men,2,2141,0.09,3896.62,270.95,Home Office,West
O00006,2023-02-19,Grocery,Snacks,8,4114,0.05,31266.4,4008.73,Corporate,South
O00007,2023-12-17,Clothing,Women,2,261,0.12,459.36,108.1,Home Office,West
O00008,2023-08-05,Grocery,Snacks,8,437,0.16,2936.64,491.45,Consumer,North
O00009,2023-03-04,Sports,Fitness,1,2668,0.23,2054.36,184.36,Home Office,East
O00010,2023-02-10,Electronics,Accessories,3,4574,0.02,13447.56,1636.48,Home Office,North
O00011,2023-04-09,Grocery,Beverages,1,4698,0.09,4275.18,491.8,Corporate,East
O00012,2023-09-12,Home,Furniture,3,2790,0.23,6444.9,1045.72,Corporate,East
O00013,2023-04-06,Home,Furniture,3,963,0.19,2340.09,264.13,Corporate,North
O00014,2023-06-19,Sports,Fitness,4,1822,0.21,5757.52,1301.74,Consumer,South
O00015,2023-10-13,Electronics,Mobile,6,4991,0.24,22758.96,1987.18,Corporate,East
O00016,2023-10-10,Clothing,Kids,9,3402,0.27,22351.14,2334.05,Corporate,North
O00017,2023-05-17,Grocery,Snacks,9,1382,0.0,12438.0,1892.43,Corporate,North
O00018,2023-08-21,Electronics,Accessories,8,2098,0.05,15944.8,1494.87,Consumer,South
O00019,2023-04-23,Electronics,Laptop,4,1391,0.08,5118.88,765.02,Consumer,North
O00020,2023-08-12,Electronics,Accessories,1,4197,0.15,3567.45,215.1,Consumer,North
O00021,2023-09-04,Home,Kitchen,2,1807,0.13,3144.18,504.89,Home Office,East
O00022,2023-08-28,Home,Furniture,6,2427,0.14,12523.32,3089.31,Consumer,North
O00023,2023-12-12,Grocery,Essentials,6,2611,0.01,15509.34,2608.34,Home Office,East
O00024,2023-12-04,Home,Decor,4,588,0.21,1858.08,236.62,Consumer,East
O00025,2023-05-24,Grocery,Snacks,9,4161,0.21,29584.71,2831.55,Corporate,West
O00026,2023-01-09,Electronics,Mobile,2,3823,0.17,6346.18,1437.58,Consumer,East
O00027,2023-04-23,Home,Decor,4,3291,0.27,9609.72,2115.92,Corporate,West
O00028,2023-12-15,Grocery,Beverages,3,3283,0.03,9553.53,1745.43,Corporate,West
O00029,2023-06-10,Clothing,Women,6,3334,0.2,16003.2,1517.97,Consumer,South
O00030,2023-01-22,Sports,Fitness,3,4596,0.09,12547.08,1988.81,Corporate,South
O00031,2023-04-07,Sports,Fitness,6,3454,0.13,18029.88,2163.87,Home Office,West
O00032,2023-06-21,Electronics,Mobile,3,4742,0.23,10954.02,643.23,Corporate,North
O00033,2023-06-30,Sports,Indoor,3,1160,0.28,2505.6,339.85,Home Office,East
O00034,2023-06-10,Grocery,Snacks,4,290,0.09,1055.6,93.09,Home Office,West
O00035,2023-04-24,Clothing,Men,6,669,0.28,2890.08,185.21,Home Office,South
O00036,2023-10-26,Clothing,Kids,2,4157,0.22,6484.92,1228.26,Corporate,West
O00037,2023-01-13,Sports,Indoor,7,637,0.24,3388.84,757.12,Corporate,East
O00038,2023-05-22,Electronics,Mobile,4,2468,0.02,9674.56,1251.47,Home Office,East
O00039,2023-07-05,Grocery,Beverages,2,2874,0.2,4598.4,531.72,Home Office,South
O00040,2023-04-11,Sports,Indoor,6,1815,0.01,10781.1,1192.96,Consumer,West
O00041,2023-02-16,Sports,Outdoor,7,4969,0.02,34087.34,5326.86,Home Office,East
O00042,2023-04-30,Grocery,Snacks,2,735,0.21,1161.3,67.6,Home Office,East
O00043,2023-10-06,Grocery,Beverages,7,1469,0.01,10180.17,2468.99,Home Office,North
O00044,2023-04-06,Grocery,Snacks,1,1181,0.27,862.13,119.38,Corporate,South
O00045,2023-03-10,Electronics,Mobile,5,3443,0.16,14460.6,2623.47,Corporate,North
O00046,2023-02-16,Home,Kitchen,3,2844,0.1,7678.8,524.92,Consumer,South
O00047,2023-12-23,Grocery,Snacks,5,4746,0.1,21357.0,3052.66,Home Office,South
O00048,2023-05-27,Clothing,Women,5,2949,0.08,13565.4,719.79,Corporate,West
O00049,2023-06-09,Electronics,Mobile,4,3187,0.02,12493.04,2229.81,Home Office,West
O00050,2023-04-11,Grocery,Beverages,3,2527,0.04,7277.76,1544.64,Home Office,North
O00051,2023-03-31,Electronics,Laptop,2,2646,0.19,4286.52,502.86,Consumer,South
O00052,2023-04-24,Clothing,Women,2,214,0.08,393.76,28.99,Consumer,East
O00053,2023-07-11,Sports,Outdoor,5,2908,0.16,12213.6,1645.1,Home Office,North
O00054,2023-02-06,Home,Kitchen,1,2243,0.1,2018.7,476.72,Consumer,East
O00055,2023-03-03,Sports,Fitness,9,3014,0.03,26312.22,6065.25,Consumer,South
O00056,2023-09-22,Sports,Fitness,3,495,0.29,1054.35,231.35,Home Office,West
O00057,2023-02-22,Grocery,Essentials,5,3240,0.09,14742.0,1706.13,Home Office,West
O00058,2023-06-12,Electronics,Accessories,5,3082,0.3,10787.0,659.89,Home Office,North
O00059,2023-09-10,Home,Decor,2,4946,0.04,9496.32,1921.13,Corporate,East
O00060,2023-01-29,Sports,Indoor,9,3093,0.27,20321.01,1611.88,Consumer,South
O00061,2023-08-05,Home,Furniture,1,1465,0.24,1113.4,266.6,Consumer,West
O00062,2023-12-12,Grocery,Beverages,3,3023,0.17,7527.27,1015.01,Home Office,East
O00063,2023-11-13,Home,Furniture,2,1343,0.17,2229.38,441.85,Home Office,North
O00064,2023-04-27,Electronics,Accessories,9,1314,0.14,10170.36,677.12,Corporate,South
O00065,2023-08-17,Grocery,Snacks,5,4275,0.16,17955.0,4463.49,Home Office,East
O00066,2023-01-01,Grocery,Snacks,2,1356,0.07,2522.16,274.66,Consumer,South
O00067,2023-06-05,Home,Decor,9,1453,0.29,9284.67,2117.39,Consumer,West
O00068,2023-12-23,Clothing,Women,8,2845,0.07,21166.8,2184.15,Consumer,West
O00069,2023-02-15,Home,Kitchen,1,2608,0.21,2060.32,170.02,Home Office,North
O00070,2023-10-13,Clothing,Kids,5,1938,0.28,6976.8,464.3,Corporate,East
O00071,2023-08-12,Sports,Outdoor,7,1115,0.11,6946.45,1473.42,Home Office,North
O00072,2023-04-08,Home,Furniture,9,4025,0.25,27168.75,4450.68,Consumer,East
O00073,2023-05-13,Electronics,Mobile,7,4713,0.21,26062.89,4088.47,Corporate,East
O00074,2023-05-25,Sports,Fitness,5,3736,0.28,13449.6,2957.96,Consumer,South
O00075,2023-10-15,Electronics,Laptop,1,4246,0.08,3906.32,357.22,Corporate,West
O00076,2023-09-25,Clothing,Women,2,4633,0.23,7134.82,1099.0,Consumer,South
O00077,2023-08-17,Grocery,Snacks,9,4819,0.14,37299.06,5002.07,Consumer,South
O00078,2023-10-21,Clothing,Kids,3,2250,0.04,6480.0,342.85,Corporate,South
O00079,2023-12-01,Clothing,Women,3,4642,0.22,10862.28,1732.42,Corporate,East
O00080,2023-11-26,Clothing,Kids,1,2280,0.24,1732.8,245.83,Consumer,West
O00081,2023-04-21,Grocery,Snacks,2,4400,0.06,8272.0,1372.57,Consumer,East
O00082,2023-07-14,Home,Kitchen,8,999,0.05,7592.4,904.51,Home Office,East
O00083,2023-11-22,Sports,Indoor,3,4799,0.1,12957.3,730.29,Consumer,North
O00084,2023-03-14,Electronics,Laptop,2,2068,0.15,3515.6,661.21,Corporate,North
O00085,2023-01-26,Electronics,Laptop,8,4302,0.28,24779.52,1541.67,Consumer,West
O00086,2023-01-14,Electronics,Accessories,4,2866,0.16,9629.76,2261.15,Corporate,West
O00087,2023-10-01,Clothing,Men,8,1746,0.25,10476.0,2094.4,Corporate,South
O00088,2023-09-30,Home,Decor,9,4680,0.05,40014.0,6514.0,Home Office,South
O00089,2023-03-08,Clothing,Women,9,3696,0.18,27276.48,5068.53,Consumer,North
O00090,2023-08-24,Clothing,Kids,4,4306,0.22,13434.72,2170.36,Home Office,South
O00091,2023-11-11,Electronics,Mobile,6,2839,0.19,13797.54,2264.94,Consumer,South
O00092,2023-04-22,Sports,Outdoor,1,1560,0.03,1513.2,121.92,Corporate,East
O00093,2023-08-11,Electronics,Accessories,3,342,0.01,1015.74,192.37,Corporate,South
O00094,2023-03-03,Grocery,Essentials,4,745,0.29,2115.8,313.46,Consumer,South
O00095,2023-01-20,Home,Kitchen,3,1241,0.21,2941.17,264.42,Consumer,West
O00096,2023-11-29,Electronics,Laptop,6,1928,0.15,9832.8,2324.5,Home Office,East
O00097,2023-06-21,Electronics,Laptop,2,2139,0.04,4106.88,257.4,Corporate,North
O00098,2023-02-07,Clothing,Men,5,2476,0.23,9532.6,1612.23,Home Office,East
O00099,2023-03-17,Electronics,Mobile,2,4529,0.28,6521.76,1618.61,Home Office,East
O00100,2023-10-13,Electronics,Laptop,8,3950,0.24,24016.0,2169.26,Home Office,North
O00101,2023-08-25,Sports,Outdoor,3,177,0.16,446.04,54.31,Corporate,North
O00102,2023-12-19,Clothing,Kids,8,3697,0.27,21590.48,3774.45,Home Office,East
O00103,2023-11-05,Electronics,Mobile,1,1348,0.12,1186.24,185.49,Home Office,East
O00104,2023-01-15,Home,Kitchen,6,2726,0.19,13248.36,1549.81,Home Office,North
O00105,2023-04-07,Electronics,Laptop,7,1022,0.24,5437.04,436.78,Consumer,North
O00106,2023-05-03,Home,Decor,1,2343,0.17,1944.69,393.78,Corporate,North
O00107,2023-11-20,Sports,Fitness,4,3328,0.16,11182.08,1646.8,Consumer,South
O00108,2023-03-10,Home,Decor,3,2055,0.16,5178.6,519.72,Home Office,South
O00109,2023-12-29,Clothing,Women,6,4907,0.13,25614.54,2755.76,Corporate,North
O00110,2023-12-22,Clothing,Men,1,1739,0.26,1286.86,304.24,Consumer,West
O00111,2023-02-20,Sports,Fitness,1,703,0.11,625.67,39.91,Consumer,South
O00112,2023-04-20,Electronics,Laptop,7,1892,0.03,12846.68,3172.72,Corporate,East
O00113,2023-11-05,Electronics,Mobile,6,4762,0.07,26571.96,4559.19,Consumer,South
O00114,2023-10-21,Grocery,Snacks,5,674,0.12,2965.6,660.45,Corporate,East
O00115,2023-09-08,Clothing,Kids,2,3700,0.18,6068.0,343.26,Home Office,South
O00116,2023-10-12,Electronics,Accessories,4,4905,0.01,19423.8,2181.19,Home Office,East
O00117,2023-06-26,Clothing,Women,5,3220,0.05,15295.0,3704.66,Corporate,South
O00118,2023-08-03,Grocery,Essentials,8,4522,0.18,29664.32,1881.17,Home Office,East
O00119,2023-01-19,Home,Kitchen,1,4624,0.11,4115.36,894.32,Corporate,North
O00120,2023-08-10,Home,Decor,2,4389,0.16,7373.52,1078.14,Corporate,East
O00121,2023-06-11,Grocery,Snacks,8,4250,0.28,24480.0,3051.72,Consumer,East
O00122,2023-09-12,Grocery,Beverages,7,3179,0.01,22030.47,2079.55,Consumer,West
O00123,2023-04-06,Electronics,Accessories,5,3775,0.07,17553.75,1226.8,Corporate,West
O00124,2023-09-20,Home,Furniture,6,922,0.27,4038.36,212.42,Consumer,East
O00125,2023-10-30,Sports,Fitness,3,1408,0.13,3674.88,839.84,Consumer,West
O00126,2023-09-18,Home,Kitchen,2,4902,0.18,8039.28,832.97,Consumer,South
O00127,2023-07-21,Electronics,Laptop,5,3677,0.23,14156.45,1104.52,Corporate,West
O00128,2023-07-28,Home,Kitchen,7,4323,0.05,28747.95,4224.67,Corporate,North
O00129,2023-01-04,Clothing,Men,9,3530,0.07,29546.1,5289.07,Corporate,South
O00130,2023-05-08,Sports,Outdoor,2,3898,0.2,6236.8,1337.9,Consumer,South
O00131,2023-03-17,Grocery,Snacks,6,2181,0.17,10861.38,1958.13,Home Office,North
O00132,2023-06-17,Clothing,Women,5,2174,0.27,7935.1,1783.64,Corporate,West
O00133,2023-07-09,Sports,Outdoor,5,554,0.17,2299.1,500.33,Corporate,South
O00134,2023-01-29,Clothing,Women,1,2966,0.03,2877.02,587.48,Consumer,East
O00135,2023-06-01,Home,Furniture,7,1350,0.28,6804.0,879.96,Corporate,South
O00136,2023-12-03,Sports,Outdoor,4,850,0.08,3128.0,528.68,Corporate,East
O00137,2023-10-23,Sports,Fitness,2,253,0.14,435.16,51.73,Consumer,North
O00138,2023-08-17,Electronics,Mobile,8,4220,0.07,31396.8,6713.28,Home Office,South
O00139,2023-01-17,Clothing,Kids,5,3215,0.24,12217.0,2961.64,Corporate,North
O00140,2023-08-03,Electronics,Accessories,8,438,0.22,2733.12,577.54,Consumer,South
O00141,2023-01-26,Electronics,Laptop,9,3826,0.21,27202.86,1640.85,Home Office,West
O00142,2023-09-27,Clothing,Kids,1,4090,0.17,3394.7,491.02,Home Office,North
O00143,2023-08-11,Electronics,Accessories,8,1621,0.13,11282.16,2358.74,Corporate,West
O00144,2023-10-28,Home,Kitchen,7,1282,0.11,7986.86,1294.95,Corporate,East
O00145,2023-01-04,Sports,Fitness,8,4378,0.12,30821.12,5069.63,Consumer,South
O00146,2023-11-07,Electronics,Mobile,2,4211,0.13,7327.14,1651.05,Home Office,South
O00147,2023-08-15,Clothing,Women,7,1904,0.16,11195.52,2662.45,Home Office,East
O00148,2023-09-29,Grocery,Snacks,1,4672,0.01,4625.28,675.09,Home Office,North
O00149,2023-06-26,Clothing,Women,9,3530,0.16,26686.8,5242.74,Home Office,North
O00150,2023-03-14,Clothing,Women,5,531,0.01,2628.45,650.66,Home Office,North
O00151,2023-10-22,Electronics,Accessories,5,2208,0.08,10156.8,1703.41,Home Office,South
O00152,2023-03-04,Home,Kitchen,2,4967,0.07,9238.62,2203.84,Corporate,North
O00153,2023-09-16,Home,Furniture,2,924,0.07,1718.64,150.02,Corporate,North
O00154,2023-08-29,Sports,Indoor,7,2836,0.16,16675.68,2825.77,Consumer,East
O00155,2023-06-09,Clothing,Kids,2,949,0.21,1499.42,121.12,Home Office,South
O00156,2023-09-24,Sports,Outdoor,9,2476,0.27,16267.32,3611.76,Consumer,West
O00157,2023-01-09,Home,Decor,9,1318,0.29,8422.02,1873.27,Home Office,West
O00158,2023-09-08,Electronics,Mobile,2,1083,0.08,1992.72,101.66,Consumer,West
O00159,2023-03-22,Clothing,Women,6,136,0.07,758.88,141.65,Corporate,West
O00160,2023-02-09,Sports,Indoor,3,2845,0.17,7084.05,1292.29,Home Office,North
O00161,2023-12-19,Sports,Outdoor,6,4411,0.24,20114.16,3654.55,Home Office,East
O00162,2023-07-07,Electronics,Mobile,9,1816,0.2,13075.2,2271.45,Home Office,North
O00163,2023-06-07,Home,Furniture,9,4621,0.04,39925.44,4672.23,Home Office,East
O00164,2023-04-23,Clothing,Women,7,2085,0.09,13281.45,2302.81,Consumer,North
O00165,2023-03-15,Clothing,Men,3,1107,0.03,3221.37,651.38,Consumer,West
O00166,2023-08-30,Clothing,Kids,5,377,0.28,1357.2,254.58,Home Office,West
O00167,2023-07-29,Electronics,Laptop,1,985,0.1,886.5,154.41,Corporate,South
O00168,2023-02-02,Sports,Fitness,3,2528,0.12,6673.92,421.29,Corporate,East
O00169,2023-01-04,Home,Decor,7,3709,0.05,24664.85,3544.53,Consumer,East
O00170,2023-10-15,Sports,Outdoor,7,3442,0.24,18311.44,3456.04,Corporate,East
O00171,2023-01-21,Grocery,Beverages,3,2996,0.29,6381.48,359.03,Home Office,West
O00172,2023-09-14,Sports,Fitness,4,1782,0.08,6557.76,1618.43,Corporate,West
O00173,2023-10-01,Clothing,Men,3,1955,0.26,4340.1,837.57,Home Office,West
O00174,2023-06-23,Home,Kitchen,9,3776,0.23,26167.68,5343.03,Corporate,West
O00175,2023-01-15,Home,Furniture,5,3999,0.29,14196.45,1236.39,Consumer,South
O00176,2023-11-15,Electronics,Laptop,4,1863,0.17,6185.16,588.26,Corporate,South
O00177,2023-03-13,Sports,Outdoor,2,683,0.09,1243.06,175.33,Consumer,South
O00178,2023-04-12,Clothing,Women,6,1667,0.2,8001.6,1611.62,Consumer,West
O00179,2023-06-09,Home,Kitchen,3,1676,0.07,4676.04,1156.54,Home Office,West
O00180,2023-10-16,Grocery,Snacks,8,4437,0.1,31946.4,4905.12,Consumer,North
O00181,2023-03-31,Electronics,Mobile,4,1017,0.1,3661.2,898.8,Corporate,South
O00182,2023-11-13,Clothing,Kids,2,205,0.05,389.5,27.62,Home Office,East
O00183,2023-09-21,Electronics,Laptop,9,2370,0.16,17917.2,3436.74,Corporate,West
O00184,2023-11-10,Grocery,Beverages,7,558,0.27,2851.38,454.85,Corporate,South
O00185,2023-03-28,Home,Decor,9,4209,0.02,37123.38,2304.26,Consumer,North
O00186,2023-08-09,Sports,Fitness,3,3738,0.14,9644.04,1917.77,Home Office,North
O00187,2023-02-28,Home,Kitchen,6,761,0.1,4109.4,651.32,Home Office,West
O00188,2023-12-19,Clothing,Kids,3,4640,0.02,13641.6,765.71,Home Office,West
O00189,2023-10-20,Electronics,Laptop,5,258,0.12,1135.2,248.89,Corporate,West
O00190,2023-12-20,Grocery,Beverages,1,4803,0.18,3938.46,220.08,Corporate,East
O00191,2023-05-05,Clothing,Women,7,4109,0.3,20134.1,2149.74,Home Office,North
O00192,2023-03-28,Clothing,Men,1,3014,0.23,2320.78,304.17,Corporate,West
O00193,2023-11-12,Clothing,Kids,5,4105,0.15,17446.25,1734.96,Consumer,East
O00194,2023-03-07,Electronics,Laptop,7,3316,0.12,20426.56,4981.68,Home Office,North
O00195,2023-10-30,Sports,Fitness,1,4655,0.04,4468.8,1090.23,Home Office,East
O00196,2023-11-28,Clothing,Kids,6,369,0.1,1992.6,278.48,Corporate,North
O00197,2023-05-01,Electronics,Mobile,4,2460,0.05,9348.0,780.78,Home Office,North
O00198,2023-07-26,Sports,Outdoor,1,3668,0.21,2897.72,403.58,Corporate,West
O00199,2023-10-20,Home,Furniture,4,4053,0.3,11348.4,846.52,Corporate,North
O00200,2023-06-10,Electronics,Accessories,3,4393,0.05,12520.05,847.75,Consumer,East
O00201,2023-05-06,Grocery,Beverages,4,2840,0.14,9769.6,1828.81,Corporate,North
O00202,2023-05-31,Clothing,Men,9,3349,0.1,27126.9,4243.98,Corporate,North
O00203,2023-06-06,Grocery,Beverages,7,2133,0.06,14035.14,2753.22,Corporate,North
O00204,2023-05-25,Clothing,Men,7,2574,0.2,14414.4,2154.02,Corporate,West
O00205,2023-05-27,Electronics,Accessories,8,4540,0.21,28692.8,5316.85,Home Office,West
O00206,2023-07-11,Sports,Outdoor,9,3773,0.1,30561.3,2501.67,Corporate,East
O00207,2023-06-08,Electronics,Mobile,9,4883,0.23,33839.19,2304.32,Consumer,East
O00208,2023-03-23,Grocery,Beverages,6,4689,0.28,20256.48,2787.99,Consumer,North
O00209,2023-08-01,Home,Furniture,1,1467,0.09,1334.97,240.05,Home Office,North
O00210,2023-11-01,Grocery,Beverages,7,2290,0.21,12663.7,1617.3,Consumer,East
O00211,2023-09-22,Grocery,Beverages,3,3115,0.2,7476.0,1300.06,Home Office,North
O00212,2023-01-12,Clothing,Women,6,2047,0.01,12159.18,1437.82,Consumer,South
O00213,2023-10-29,Sports,Fitness,4,2930,0.12,10313.6,1648.97,Corporate,West
O00214,2023-04-27,Home,Decor,5,506,0.13,2201.1,504.81,Home Office,North
O00215,2023-10-02,Grocery,Essentials,3,3954,0.06,11150.28,1626.12,Corporate,South
O00216,2023-10-18,Sports,Outdoor,4,2641,0.09,9613.24,2024.6,Corporate,West
O00217,2023-09-20,Clothing,Women,1,2736,0.12,2407.68,179.08,Home Office,West
O00218,2023-02-05,Clothing,Kids,7,2459,0.24,13081.88,1138.72,Corporate,East
O00219,2023-01-09,Electronics,Mobile,7,1400,0.27,7154.0,684.04,Home Office,South
O00220,2023-03-09,Clothing,Men,8,4915,0.17,32635.6,3300.41,Corporate,West
O00221,2023-08-30,Home,Decor,9,245,0.23,1697.85,135.73,Consumer,East
O00222,2023-10-20,Electronics,Accessories,2,4868,0.07,9054.48,626.05,Home Office,East
O00223,2023-09-15,Grocery,Essentials,9,2737,0.19,19952.73,1230.9,Home Office,East
O00224,2023-08-29,Sports,Indoor,3,1677,0.13,4376.97,847.03,Home Office,East
O00225,2023-04-19,Grocery,Beverages,3,1341,0.1,3620.7,836.76,Corporate,West
O00226,2023-07-15,Sports,Outdoor,4,172,0.1,619.2,59.03,Consumer,North
O00227,2023-08-18,Grocery,Beverages,5,2575,0.07,11973.75,1891.88,Corporate,East
O00228,2023-09-15,Grocery,Snacks,3,441,0.2,1058.4,263.36,Corporate,North
O00229,2023-02-05,Home,Kitchen,7,4311,0.02,29573.46,4804.49,Consumer,North
O00230,2023-05-01,Sports,Fitness,9,4506,0.16,34065.36,2361.93,Home Office,West
O00231,2023-12-14,Grocery,Snacks,8,2662,0.28,15333.12,1486.22,Home Office,West
O00232,2023-08-19,Sports,Outdoor,9,385,0.16,2910.6,508.53,Consumer,North
O00233,2023-05-31,Grocery,Beverages,4,2885,0.02,11309.2,831.56,Corporate,North
O00234,2023-11-27,Clothing,Men,5,2917,0.28,10501.2,1688.18,Home Office,West
O00235,2023-12-08,Clothing,Women,7,361,0.28,1819.44,271.81,Consumer,West
O00236,2023-06-07,Clothing,Kids,1,4237,0.16,3559.08,624.94,Corporate,South
O00237,2023-12-13,Home,Decor,4,172,0.1,619.2,33.8,Corporate,East
O00238,2023-11-06,Clothing,Women,4,4461,0.25,13383.0,1023.87,Consumer,West
O00239,2023-01-25,Electronics,Laptop,6,337,0.05,1920.9,289.12,Consumer,North
O00240,2023-01-12,Clothing,Men,2,1063,0.04,2040.96,495.18,Consumer,East
O00241,2023-03-01,Grocery,Beverages,6,2819,0.06,15899.16,2765.14,Home Office,East
O00242,2023-09-24,Home,Furniture,3,2053,0.14,5296.74,326.45,Corporate,North
O00243,2023-07-09,Electronics,Accessories,3,4076,0.04,11738.88,871.93,Corporate,East
O00244,2023-11-04,Grocery,Snacks,4,1738,0.07,6465.36,624.1,Consumer,West
O00245,2023-01-07,Grocery,Beverages,7,1608,0.27,8216.88,1150.01,Home Office,West
O00246,2023-08-07,Sports,Outdoor,6,3816,0.0,22896.0,3050.45,Consumer,South
O00247,2023-08-30,Sports,Indoor,7,1000,0.06,6580.0,344.95,Consumer,North
O00248,2023-07-07,Sports,Indoor,5,4368,0.01,21621.6,2687.17,Home Office,East
O00249,2023-09-09,Sports,Fitness,5,2657,0.05,12620.75,1450.57,Corporate,West
O00250,2023-04-23,Home,Furniture,4,3593,0.12,12647.36,3051.11,Consumer,West
O00251,2023-08-30,Electronics,Mobile,9,671,0.02,5918.22,626.58,Corporate,West
O00252,2023-03-20,Grocery,Snacks,7,2949,0.12,18165.84,2543.67,Consumer,West
O00253,2023-03-28,Sports,Fitness,5,2248,0.01,11127.6,641.0,Home Office,North
O00254,2023-08-20,Sports,Fitness,8,2811,0.01,22263.12,3377.67,Corporate,East
O00255,2023-02-20,Grocery,Essentials,4,4594,0.28,13230.72,2735.7,Home Office,South
O00256,2023-04-21,Sports,Outdoor,6,3523,0.02,20715.24,2793.64,Consumer,East
O00257,2023-11-20,Electronics,Mobile,2,3093,0.0,6186.0,625.3,Corporate,North
O00258,2023-06-13,Electronics,Mobile,7,4385,0.27,22407.35,2564.37,Home Office,West
O00259,2023-01-11,Clothing,Women,5,4083,0.24,15515.4,2812.88,Corporate,East
O00260,2023-05-04,Electronics,Laptop,7,4140,0.11,25792.2,3518.45,Corporate,North
O00261,2023-06-23,Clothing,Women,4,2561,0.28,7375.68,1365.95,Consumer,West
O00262,2023-01-18,Sports,Fitness,7,138,0.25,724.5,169.38,Consumer,North
O00263,2023-08-24,Sports,Indoor,8,401,0.22,2502.24,513.68,Home Office,West
O00264,2023-08-01,Home,Furniture,6,3968,0.22,18570.24,1329.42,Home Office,West
O00265,2023-07-08,Home,Kitchen,3,4283,0.1,11564.1,1534.36,Consumer,West
O00266,2023-04-18,Home,Decor,6,2166,0.05,12346.2,848.82,Home Office,North
O00267,2023-12-30,Sports,Fitness,8,461,0.17,3061.04,650.01,Consumer,East
O00268,2023-10-29,Electronics,Accessories,2,3662,0.09,6664.84,1322.77,Home Office,East
O00269,2023-03-27,Home,Kitchen,9,2259,0.24,15451.56,2485.31,Corporate,South
O00270,2023-01-20,Clothing,Women,1,1137,0.22,886.86,178.91,Home Office,West
O00271,2023-04-21,Home,Decor,7,3995,0.15,23770.25,1781.41,Consumer,West
O00272,2023-11-06,Grocery,Beverages,8,1113,0.18,7301.28,936.79,Home Office,North
O00273,2023-04-29,Clothing,Women,4,4383,0.24,13324.32,914.02,Home Office,West
O00274,2023-09-11,Sports,Indoor,3,4531,0.07,12641.49,2409.32,Corporate,South
O00275,2023-06-01,Clothing,Kids,3,3988,0.19,9690.84,773.33,Consumer,West
O00276,2023-06-22,Clothing,Women,5,3074,0.25,11527.5,1775.92,Corporate,East
O00277,2023-09-08,Electronics,Accessories,1,1269,0.11,1129.41,70.6,Home Office,East
O00278,2023-02-16,Electronics,Laptop,1,2548,0.19,2063.88,308.0,Home Office,East
O00279,2023-03-02,Grocery,Essentials,7,4797,0.18,27534.78,2392.64,Corporate,South
O00280,2023-12-03,Home,Furniture,1,1985,0.25,1488.75,155.74,Home Office,North
O00281,2023-03-10,Home,Furniture,3,1549,0.26,3438.78,327.06,Consumer,West
O00282,2023-09-17,Sports,Outdoor,5,803,0.14,3452.9,264.82,Corporate,East
O00283,2023-07-01,Clothing,Kids,1,2939,0.22,2292.42,465.6,Corporate,West
O00284,2023-04-16,Grocery,Snacks,4,4743,0.0,18972.0,2021.45,Corporate,South
O00285,2023-12-02,Grocery,Essentials,3,2074,0.27,4542.06,453.79,Corporate,East
O00286,2023-03-25,Clothing,Men,6,940,0.15,4794.0,271.93,Corporate,South
O00287,2023-05-07,Home,Furniture,5,789,0.12,3471.6,414.75,Home Office,South
O00288,2023-05-22,Home,Decor,7,1549,0.25,8132.25,1687.79,Consumer,North
O00289,2023-11-01,Clothing,Men,2,3752,0.2,6003.2,538.0,Home Office,East
O00290,2023-11-23,Electronics,Mobile,9,524,0.01,4668.84,905.76,Corporate,East
O00291,2023-06-18,Electronics,Mobile,8,672,0.26,3978.24,774.02,Home Office,South
O00292,2023-12-07,Electronics,Mobile,2,1617,0.14,2781.24,408.67,Consumer,South
O00293,2023-03-27,Electronics,Laptop,2,3315,0.12,5834.4,1051.33,Home Office,West
O00294,2023-02-01,Grocery,Essentials,3,1827,0.24,4165.56,622.55,Home Office,North
O00295,2023-04-02,Grocery,Beverages,4,2891,0.26,8557.36,1933.25,Corporate,East
O00296,2023-03-07,Sports,Outdoor,8,2205,0.23,13582.8,2194.93,Consumer,West
O00297,2023-03-30,Home,Furniture,4,2374,0.03,9211.12,1670.49,Home Office,South
O00298,2023-01-08,Home,Decor,5,4502,0.06,21159.4,1848.16,Consumer,West
O00299,2023-07-29,Sports,Outdoor,8,4754,0.06,35750.08,8200.77,Corporate,West
O00300,2023-10-10,Grocery,Beverages,2,2922,0.18,4792.08,587.61,Corporate,East
O00301,2023-04-11,Electronics,Mobile,7,712,0.22,3887.52,832.22,Corporate,South
O00302,2023-06-07,Home,Furniture,7,674,0.15,4010.3,298.71,Consumer,South
O00303,2023-12-19,Grocery,Beverages,7,3811,0.0,26677.0,4320.37,Consumer,West
O00304,2023-05-14,Clothing,Women,5,326,0.06,1532.2,339.59,Home Office,West
O00305,2023-08-04,Grocery,Snacks,2,3090,0.2,4944.0,557.74,Corporate,South
O00306,2023-06-12,Home,Kitchen,5,3931,0.03,19065.35,3695.16,Corporate,North
O00307,2023-05-30,Home,Decor,2,1198,0.2,1916.8,333.88,Consumer,North
O00308,2023-03-07,Grocery,Essentials,3,4484,0.04,12913.92,2392.12,Home Office,West
O00309,2023-09-04,Grocery,Essentials,7,2601,0.26,13473.18,1285.83,Home Office,West
O00310,2023-10-29,Home,Kitchen,9,4728,0.01,42126.48,4667.16,Corporate,West
O00311,2023-07-29,Grocery,Snacks,7,492,0.24,2617.44,478.98,Home Office,North
O00312,2023-02-07,Home,Decor,7,1566,0.03,10633.14,1482.38,Corporate,West
O00313,2023-12-10,Sports,Indoor,3,4017,0.14,10363.86,555.5,Corporate,South
O00314,2023-06-22,Electronics,Accessories,3,3046,0.23,7036.26,1484.52,Home Office,South
O00315,2023-04-30,Electronics,Accessories,7,4828,0.08,31092.32,6981.8,Corporate,North
O00316,2023-05-22,Sports,Outdoor,9,2467,0.17,18428.49,1967.53,Home Office,North
O00317,2023-05-05,Home,Furniture,9,167,0.26,1112.22,250.75,Corporate,South
O00318,2023-09-25,Electronics,Accessories,7,2624,0.25,13776.0,1474.83,Home Office,East
O00319,2023-06-21,Clothing,Men,5,1448,0.08,6660.8,626.42,Consumer,North
O00320,2023-03-06,Sports,Outdoor,9,1158,0.25,7816.5,1764.93,Consumer,East
O00321,2023-08-20,Grocery,Beverages,9,4854,0.27,31890.78,4422.49,Consumer,East
O00322,2023-09-17,Grocery,Snacks,3,4327,0.2,10384.8,792.76,Corporate,West
O00323,2023-12-27,Sports,Fitness,6,293,0.08,1617.36,233.84,Consumer,West
O00324,2023-12-28,Electronics,Laptop,1,4975,0.18,4079.5,944.31,Consumer,North
O00325,2023-11-08,Sports,Outdoor,1,241,0.18,197.62,20.97,Consumer,North
O00326,2023-12-19,Sports,Indoor,1,1425,0.01,1410.75,305.66,Corporate,East
O00327,2023-08-21,Sports,Outdoor,1,803,0.15,682.55,74.19,Consumer,West
O00328,2023-07-02,Sports,Outdoor,9,955,0.16,7219.8,1631.48,Consumer,East
O00329,2023-06-17,Sports,Fitness,3,1456,0.28,3144.96,261.16,Home Office,West
O00330,2023-01-08,Sports,Outdoor,1,3472,0.22,2708.16,652.14,Consumer,East
O00331,2023-11-20,Sports,Fitness,7,3860,0.18,22156.4,4150.29,Corporate,North
O00332,2023-08-13,Grocery,Beverages,5,1874,0.13,8151.9,1632.3,Corporate,East
O00333,2023-11-27,Electronics,Accessories,2,3968,0.2,6348.8,776.99,Consumer,South
O00334,2023-01-02,Clothing,Kids,6,870,0.22,4071.6,301.75,Consumer,South
O00335,2023-11-17,Home,Kitchen,8,4108,0.13,28591.68,3116.73,Home Office,North
O00336,2023-10-06,Clothing,Men,5,4769,0.17,19791.35,2347.92,Consumer,South
O00337,2023-03-14,Grocery,Snacks,6,1230,0.13,6420.6,1185.2,Consumer,South
O00338,2023-12-01,Clothing,Women,2,1923,0.25,2884.5,638.95,Consumer,East
O00339,2023-06-16,Home,Kitchen,9,1241,0.21,8823.51,1656.01,Corporate,West
O00340,2023-02-16,Grocery,Snacks,7,3367,0.01,23333.31,4722.23,Home Office,North
O00341,2023-11-01,Clothing,Women,3,3154,0.02,9272.76,1223.32,Consumer,South
O00342,2023-04-23,Sports,Indoor,4,1563,0.3,4376.4,616.2,Consumer,South
O00343,2023-09-17,Sports,Indoor,8,3515,0.15,23902.0,5803.49,Corporate,East
O00344,2023-09-02,Home,Decor,3,1941,0.09,5298.93,420.8,Corporate,South
O00345,2023-07-15,Sports,Indoor,5,223,0.09,1014.65,231.02,Corporate,West
O00346,2023-03-09,Electronics,Mobile,4,2036,0.12,7166.72,846.23,Consumer,North
O00347,2023-02-11,Electronics,Mobile,2,464,0.23,714.56,154.87,Corporate,West
O00348,2023-10-27,Sports,Fitness,1,440,0.1,396.0,41.2,Home Office,East
O00349,2023-04-21,Grocery,Essentials,1,1727,0.17,1433.41,358.27,Corporate,East
O00350,2023-09-06,Grocery,Essentials,1,3270,0.26,2419.8,422.69,Corporate,East
O00351,2023-06-13,Sports,Fitness,5,2667,0.01,13201.65,1915.68,Corporate,East
O00352,2023-09-03,Home,Furniture,2,366,0.11,651.48,92.31,Consumer,South
O00353,2023-01-12,Home,Decor,5,1076,0.2,4304.0,617.01,Corporate,North
O00354,2023-04-12,Home,Decor,4,4777,0.18,15668.56,1959.6,Home Office,North
O00355,2023-08-07,Home,Decor,9,3925,0.22,27553.5,6306.73,Corporate,West
O00356,2023-11-25,Home,Decor,4,1002,0.29,2845.68,256.38,Consumer,North
O00357,2023-11-19,Electronics,Mobile,1,4035,0.07,3752.55,421.71,Home Office,North
O00358,2023-08-02,Sports,Fitness,7,2867,0.23,15453.13,3644.64,Home Office,East
O00359,2023-02-04,Clothing,Women,5,2099,0.25,7871.25,918.43,Corporate,North
O00360,2023-01-30,Home,Decor,2,2411,0.3,3375.4,229.4,Home Office,East
O00361,2023-07-07,Electronics,Mobile,5,3058,0.04,14678.4,2945.74,Consumer,East
O00362,2023-09-17,Electronics,Accessories,2,3275,0.12,5764.0,1121.85,Corporate,East
O00363,2023-10-17,Home,Decor,8,1009,0.24,6134.72,1469.5,Consumer,North
O00364,2023-12-24,Home,Decor,6,2522,0.25,11349.0,1117.27,Corporate,South
O00365,2023-08-03,Clothing,Men,8,2258,0.06,16980.16,3781.14,Corporate,West
O00366,2023-06-07,Home,Kitchen,7,1688,0.25,8862.0,1416.11,Consumer,North
O00367,2023-12-03,Sports,Fitness,5,3958,0.19,16029.9,1195.58,Home Office,East
O00368,2023-01-14,Clothing,Women,4,1689,0.02,6620.88,1234.95,Corporate,West
O00369,2023-01-12,Grocery,Snacks,8,2407,0.04,18485.76,3790.86,Home Office,East
O00370,2023-02-18,Clothing,Women,8,4549,0.22,28385.76,2960.9,Home Office,North
O00371,2023-03-29,Electronics,Laptop,2,3267,0.18,5357.88,1227.73,Corporate,West
O00372,2023-05-01,Electronics,Laptop,5,988,0.02,4841.2,1143.38,Consumer,East
O00373,2023-11-03,Home,Furniture,2,4623,0.17,7674.18,1776.11,Consumer,East
O00374,2023-11-12,Electronics,Laptop,8,3592,0.03,27873.92,1629.46,Home Office,North
O00375,2023-01-24,Clothing,Kids,7,3896,0.21,21544.88,3948.68,Home Office,North
O00376,2023-07-30,Grocery,Essentials,9,1729,0.08,14316.12,2077.0,Consumer,South
O00377,2023-05-26,Electronics,Mobile,6,2687,0.26,11930.28,1732.2,Corporate,East
O00378,2023-04-10,Grocery,Snacks,7,4172,0.06,27451.76,4403.64,Home Office,South
O00379,2023-04-19,Electronics,Mobile,6,3993,0.26,17728.92,1651.42,Home Office,North
O00380,2023-01-03,Sports,Indoor,9,1851,0.28,11994.48,901.32,Corporate,West
O00381,2023-08-23,Grocery,Snacks,8,1561,0.17,10365.04,695.17,Home Office,North
O00382,2023-02-22,Electronics,Mobile,6,2201,0.15,11225.1,1162.01,Corporate,South
O00383,2023-05-18,Sports,Outdoor,6,1915,0.25,8617.5,1653.5,Home Office,North
O00384,2023-01-29,Home,Decor,6,2164,0.27,9478.32,979.44,Home Office,North
O00385,2023-06-24,Grocery,Beverages,6,4004,0.09,21861.84,4477.27,Consumer,West
O00386,2023-08-21,Grocery,Beverages,6,3864,0.02,22720.32,2874.49,Corporate,North
O00387,2023-01-12,Sports,Outdoor,1,4125,0.07,3836.25,684.28,Home Office,North
O00388,2023-08-13,Grocery,Snacks,7,4502,0.01,31198.86,7166.76,Home Office,North
O00389,2023-04-08,Sports,Indoor,4,4811,0.02,18859.12,1803.82,Corporate,West
O00390,2023-04-29,Sports,Fitness,7,1341,0.17,7791.21,1932.55,Consumer,West
O00391,2023-07-18,Grocery,Beverages,6,332,0.06,1872.48,365.37,Corporate,North
O00392,2023-12-17,Clothing,Men,3,560,0.24,1276.8,226.24,Home Office,East
O00393,2023-02-16,Electronics,Mobile,4,3273,0.09,11913.72,1715.55,Home Office,North
O00394,2023-09-05,Clothing,Women,1,2152,0.15,1829.2,175.69,Corporate,North
O00395,2023-10-21,Clothing,Women,2,2883,0.15,4901.1,911.23,Corporate,South
O00396,2023-04-18,Clothing,Women,3,1216,0.14,3137.28,720.12,Consumer,North
O00397,2023-06-18,Home,Furniture,2,1646,0.12,2896.96,526.73,Home Office,West
O00398,2023-11-07,Home,Kitchen,9,456,0.13,3570.48,602.38,Corporate,South
O00399,2023-05-05,Clothing,Women,6,1383,0.25,6223.5,1222.45,Corporate,North
O00400,2023-05-21,Home,Decor,5,2995,0.29,10632.25,2141.99,Corporate,West
O00401,2023-04-03,Grocery,Essentials,1,4382,0.29,3111.22,630.69,Corporate,West
O00402,2023-09-12,Electronics,Mobile,4,1736,0.11,6180.16,991.29,Home Office,North
O00403,2023-06-04,Clothing,Women,7,2603,0.24,13847.96,1395.38,Consumer,North
O00404,2023-05-09,Home,Furniture,4,1561,0.12,5494.72,1285.25,Consumer,North
O00405,2023-04-23,Electronics,Accessories,4,2551,0.23,7857.08,1836.08,Home Office,East
O00406,2023-06-30,Clothing,Women,1,4469,0.3,3128.3,398.12,Home Office,South
O00407,2023-09-23,Grocery,Snacks,2,253,0.28,364.32,25.63,Home Office,East
O00408,2023-08-25,Electronics,Mobile,5,2013,0.29,7146.15,569.09,Consumer,North
O00409,2023-04-19,Grocery,Snacks,8,760,0.16,5107.2,1030.4,Home Office,East
O00410,2023-08-30,Clothing,Men,5,4657,0.23,17929.45,2604.56,Consumer,North
O00411,2023-09-28,Electronics,Accessories,7,3071,0.19,17412.57,2139.5,Home Office,North
O00412,2023-01-24,Electronics,Accessories,8,3454,0.25,20724.0,2413.07,Corporate,West
O00413,2023-10-06,Home,Kitchen,9,2580,0.16,19504.8,2077.15,Consumer,North
O00414,2023-11-22,Sports,Indoor,9,924,0.18,6819.12,424.6,Consumer,North
O00415,2023-06-28,Clothing,Kids,7,3256,0.09,20740.72,1992.84,Corporate,East
O00416,2023-12-09,Grocery,Beverages,3,4615,0.22,10799.1,2372.4,Corporate,South
O00417,2023-02-16,Sports,Outdoor,3,305,0.04,878.4,103.12,Corporate,West
O00418,2023-10-14,Sports,Indoor,5,2091,0.2,8364.0,549.44,Corporate,South
O00419,2023-09-30,Home,Kitchen,9,1076,0.29,6875.64,402.12,Home Office,North
O00420,2023-10-19,Home,Furniture,5,2900,0.15,12325.0,1870.67,Consumer,North
O00421,2023-06-16,Clothing,Kids,7,2014,0.24,10714.48,797.22,Consumer,South
O00422,2023-03-11,Electronics,Mobile,2,4958,0.02,9717.68,762.2,Corporate,West
O00423,2023-06-24,Grocery,Snacks,3,3508,0.21,8313.96,1624.64,Consumer,East
O00424,2023-05-08,Electronics,Mobile,3,1597,0.05,4551.45,943.25,Corporate,North
O00425,2023-09-27,Home,Decor,4,3590,0.0,14360.0,2739.03,Corporate,North
O00426,2023-07-12,Grocery,Essentials,3,1092,0.29,2325.96,140.33,Consumer,East
O00427,2023-03-30,Sports,Indoor,3,758,0.12,2001.12,152.77,Home Office,West
O00428,2023-01-07,Grocery,Essentials,2,3193,0.2,5108.8,1069.46,Corporate,West
O00429,2023-11-24,Home,Kitchen,7,4790,0.19,27159.3,2702.41,Consumer,North
O00430,2023-04-07,Grocery,Beverages,5,2478,0.06,11646.6,1541.21,Consumer,North
O00431,2023-01-19,Grocery,Beverages,5,987,0.24,3750.6,401.88,Corporate,North
O00432,2023-03-20,Home,Kitchen,7,551,0.29,2738.47,566.79,Home Office,South
O00433,2023-03-03,Home,Kitchen,8,2861,0.27,16708.24,873.78,Consumer,South
O00434,2023-08-07,Electronics,Laptop,6,1441,0.17,7176.18,631.24,Consumer,West
O00435,2023-06-15,Home,Decor,2,307,0.19,497.34,79.54,Corporate,South
O00436,2023-02-10,Home,Decor,7,4414,0.02,30280.04,7275.83,Corporate,West
O00437,2023-10-17,Grocery,Essentials,4,3654,0.19,11838.96,1225.1,Corporate,East
O00438,2023-04-10,Home,Kitchen,9,4676,0.2,33667.2,5612.71,Home Office,West
O00439,2023-11-05,Clothing,Men,4,1188,0.04,4561.92,637.83,Home Office,East
O00440,2023-10-11,Home,Furniture,8,1913,0.19,12396.24,1545.95,Consumer,North
O00441,2023-08-25,Sports,Fitness,1,182,0.29,129.22,16.77,Corporate,South
O00442,2023-12-07,Electronics,Laptop,2,1918,0.13,3337.32,228.69,Home Office,North
O00443,2023-09-05,Grocery,Essentials,4,3776,0.15,12838.4,1767.55,Consumer,East
O00444,2023-09-02,Electronics,Mobile,2,2359,0.06,4434.92,801.83,Home Office,East
O00445,2023-07-22,Grocery,Essentials,1,4264,0.02,4178.72,970.44,Consumer,South
O00446,2023-05-18,Home,Kitchen,1,4526,0.18,3711.32,461.84,Corporate,South
O00447,2023-04-01,Home,Decor,8,3857,0.12,27153.28,4146.91,Corporate,West
O00448,2023-10-11,Home,Kitchen,1,2656,0.18,2177.92,343.38,Consumer,South
O00449,2023-02-27,Sports,Outdoor,2,4763,0.24,7239.76,957.59,Home Office,East
O00450,2023-12-01,Grocery,Beverages,8,2567,0.16,17250.24,1360.66,Corporate,South
O00451,2023-03-29,Home,Kitchen,9,4451,0.12,35251.92,5072.93,Home Office,North
O00452,2023-05-13,Home,Kitchen,6,220,0.08,1214.4,99.46,Consumer,South
O00453,2023-03-10,Grocery,Snacks,2,2768,0.25,4152.0,578.13,Consumer,West
O00454,2023-11-15,Grocery,Essentials,8,4941,0.16,33203.52,4030.15,Corporate,West
O00455,2023-04-20,Electronics,Mobile,7,2691,0.24,14316.12,2967.32,Corporate,North
O00456,2023-05-17,Clothing,Women,7,2995,0.26,15514.1,1093.95,Corporate,East
O00457,2023-03-28,Sports,Fitness,7,761,0.16,4474.68,934.75,Consumer,West
O00458,2023-06-14,Home,Kitchen,9,3042,0.18,22449.96,1842.54,Home Office,North
O00459,2023-05-14,Grocery,Essentials,7,3418,0.0,23926.0,4635.61,Corporate,South
O00460,2023-05-02,Electronics,Laptop,1,4833,0.05,4591.35,1047.61,Corporate,East
O00461,2023-07-25,Grocery,Essentials,4,4869,0.16,16359.84,2806.54,Home Office,East
O00462,2023-01-19,Home,Kitchen,8,2510,0.17,16666.4,2219.21,Home Office,South
O00463,2023-08-27,Clothing,Men,2,4336,0.26,6417.28,1131.26,Consumer,West
O00464,2023-09-26,Electronics,Mobile,7,2787,0.29,13851.39,2111.74,Consumer,South
O00465,2023-03-03,Electronics,Accessories,7,916,0.29,4552.52,934.62,Consumer,East
O00466,2023-05-24,Electronics,Accessories,3,3800,0.07,10602.0,2045.43,Consumer,South
O00467,2023-12-02,Grocery,Snacks,8,1947,0.25,11682.0,2503.19,Consumer,East
O00468,2023-05-27,Grocery,Essentials,6,3916,0.16,19736.64,3002.19,Corporate,North
O00469,2023-08-20,Sports,Fitness,3,4334,0.02,12741.96,1625.43,Corporate,East
O00470,2023-12-01,Clothing,Women,6,2863,0.05,16319.1,3241.24,Consumer,North
O00471,2023-08-09,Sports,Indoor,2,2704,0.3,3785.6,364.59,Home Office,South
O00472,2023-02-28,Sports,Fitness,3,102,0.11,272.34,33.91,Home Office,South
O00473,2023-12-13,Grocery,Essentials,4,2990,0.2,9568.0,1834.69,Corporate,East
O00474,2023-07-26,Clothing,Women,1,770,0.24,585.2,119.71,Consumer,West
O00475,2023-11-10,Electronics,Laptop,5,3539,0.23,13625.15,2869.46,Consumer,East
O00476,2023-08-03,Sports,Fitness,7,3263,0.06,21470.54,4897.04,Home Office,East
O00477,2023-11-28,Sports,Indoor,4,589,0.17,1955.48,345.1,Corporate,North
O00478,2023-02-09,Sports,Fitness,6,2675,0.06,15087.0,1701.29,Consumer,East
O00479,2023-12-12,Clothing,Women,1,3901,0.21,3081.79,390.03,Home Office,South
O00480,2023-08-10,Electronics,Laptop,6,2652,0.08,14639.04,3481.36,Consumer,North
O00481,2023-07-26,Sports,Outdoor,4,3050,0.08,11224.0,2047.19,Home Office,East
O00482,2023-06-14,Grocery,Beverages,5,303,0.05,1439.25,134.49,Home Office,South
O00483,2023-06-25,Sports,Outdoor,3,1640,0.19,3985.2,883.22,Corporate,North
O00484,2023-09-21,Home,Decor,7,4299,0.2,24074.4,1657.9,Home Office,North
O00485,2023-03-02,Sports,Indoor,4,1775,0.1,6390.0,1275.68,Corporate,East
O00486,2023-10-18,Sports,Fitness,3,4546,0.01,13501.62,1785.43,Home Office,East
O00487,2023-06-15,Sports,Fitness,6,4703,0.2,22574.4,2176.25,Home Office,South
O00488,2023-07-27,Clothing,Men,4,3939,0.19,12762.36,2076.17,Consumer,North
O00489,2023-01-19,Sports,Indoor,3,2684,0.02,7890.96,1401.94,Home Office,South
O00490,2023-07-02,Clothing,Men,9,2358,0.26,15704.28,1976.0,Consumer,East
O00491,2023-06-19,Home,Furniture,3,2927,0.15,7463.85,1658.54,Corporate,North
O00492,2023-03-16,Home,Decor,2,3326,0.2,5321.6,663.2,Consumer,West
O00493,2023-12-05,Sports,Fitness,9,670,0.21,4763.7,856.17,Consumer,West
O00494,2023-04-03,Grocery,Snacks,8,4601,0.14,31654.88,5810.32,Corporate,South
O00495,2023-10-23,Clothing,Women,1,474,0.05,450.3,63.36,Corporate,West
O00496,2023-01-26,Home,Kitchen,2,904,0.25,1356.0,242.07,Home Office,West
O00497,2023-12-06,Grocery,Essentials,6,4491,0.07,25059.78,5842.3,Home Office,West
O00498,2023-09-13,Home,Decor,8,1043,0.11,7426.16,1559.6,Home Office,North
O00499,2023-04-29,Home,Decor,4,1928,0.27,5629.76,982.54,Consumer,West
O00500,2023-01-11,Sports,Indoor,4,3956,0.26,11709.76,2782.16,Corporate,South
O00501,2023-02-21,Grocery,Beverages,2,862,0.14,1482.64,153.77,Home Office,North
O00502,2023-02-25,Grocery,Essentials,5,2140,0.29,7597.0,1047.99,Home Office,West
O00503,2023-01-28,Home,Kitchen,8,961,0.01,7611.12,1638.85,Consumer,West
O00504,2023-12-04,Sports,Outdoor,4,2248,0.05,8542.4,1961.74,Corporate,East
O00505,2023-07-11,Clothing,Kids,7,4206,0.17,24436.86,5150.34,Corporate,South
O00506,2023-11-09,Home,Kitchen,7,3316,0.13,20194.44,4984.93,Home Office,South
O00507,2023-04-16,Sports,Indoor,9,2937,0.22,20617.74,3398.99,Home Office,East
O00508,2023-03-23,Sports,Outdoor,9,4235,0.11,33922.35,3020.22,Consumer,West
O00509,2023-02-17,Electronics,Accessories,6,1334,0.2,6403.2,470.01,Corporate,West
O00510,2023-08-17,Grocery,Essentials,9,2977,0.27,19558.89,4458.97,Corporate,East
O00511,2023-11-29,Sports,Outdoor,6,3303,0.29,14070.78,3327.24,Home Office,South
O00512,2023-04-06,Grocery,Snacks,3,1766,0.05,5033.1,1082.83,Consumer,South
O00513,2023-06-26,Electronics,Laptop,3,3053,0.11,8151.51,549.44,Home Office,East
O00514,2023-09-11,Sports,Fitness,5,407,0.2,1628.0,153.2,Consumer,South
O00515,2023-10-03,Grocery,Essentials,6,4720,0.19,22939.2,3900.96,Consumer,North
O00516,2023-11-24,Grocery,Snacks,1,1010,0.06,949.4,103.29,Corporate,East
O00517,2023-09-26,Sports,Fitness,8,1899,0.28,10938.24,2265.99,Home Office,North
O00518,2023-10-13,Electronics,Mobile,7,3173,0.23,17102.47,2609.57,Home Office,North
O00519,2023-04-22,Clothing,Men,2,2928,0.2,4684.8,949.04,Home Office,North
O00520,2023-06-29,Home,Decor,9,2861,0.23,19826.73,1480.66,Corporate,North
O00521,2023-07-27,Electronics,Mobile,6,3172,0.24,14464.32,2903.67,Consumer,West
O00522,2023-11-17,Grocery,Snacks,9,3051,0.08,25262.28,2139.7,Home Office,West
O00523,2023-08-09,Clothing,Women,3,4334,0.17,10791.66,1945.77,Consumer,North
O00524,2023-08-21,Clothing,Women,5,592,0.25,2220.0,343.98,Consumer,East
O00525,2023-04-14,Home,Decor,8,916,0.1,6595.2,717.26,Home Office,East
O00526,2023-02-07,Grocery,Essentials,1,1129,0.2,903.2,102.52,Home Office,North
O00527,2023-10-15,Home,Kitchen,1,3847,0.29,2731.37,142.19,Consumer,North
O00528,2023-10-11,Grocery,Essentials,3,1478,0.04,4256.64,479.44,Consumer,South
O00529,2023-05-17,Clothing,Men,8,4667,0.11,33229.04,7832.95,Home Office,West
O00530,2023-10-17,Grocery,Essentials,8,1498,0.29,8508.64,1185.62,Home Office,South
O00531,2023-07-14,Clothing,Men,4,3181,0.05,12087.8,1315.8,Corporate,East
O00532,2023-06-24,Electronics,Accessories,3,4655,0.26,10334.1,1032.29,Corporate,East
O00533,2023-09-03,Clothing,Kids,4,4282,0.09,15586.48,1113.05,Consumer,South
O00534,2023-10-21,Home,Kitchen,5,727,0.04,3489.6,687.4,Consumer,East
O00535,2023-03-11,Clothing,Women,4,1074,0.13,3737.52,309.77,Consumer,East
O00536,2023-08-15,Grocery,Essentials,7,2087,0.17,12125.47,862.98,Corporate,West
O00537,2023-07-11,Home,Kitchen,9,1108,0.02,9772.56,984.95,Consumer,South
O00538,2023-03-14,Sports,Outdoor,7,4638,0.29,23050.86,2142.33,Home Office,West
O00539,2023-11-28,Clothing,Men,8,2966,0.2,18982.4,2969.96,Home Office,South
O00540,2023-08-11,Sports,Fitness,8,831,0.3,4653.6,474.36,Corporate,North
O00541,2023-04-11,Clothing,Kids,4,1711,0.16,5748.96,538.4,Home Office,North
O00542,2023-06-15,Electronics,Mobile,6,1549,0.25,6970.5,1492.66,Home Office,North
O00543,2023-03-19,Electronics,Mobile,6,2749,0.05,15669.3,3398.96,Consumer,South
O00544,2023-09-26,Home,Kitchen,8,3616,0.17,24010.24,4859.11,Consumer,East
O00545,2023-01-05,Sports,Fitness,6,506,0.16,2550.24,144.17,Corporate,West
O00546,2023-01-13,Home,Kitchen,2,1511,0.17,2508.26,483.97,Home Office,West
O00547,2023-12-03,Grocery,Essentials,3,4770,0.28,10303.2,1878.85,Home Office,East
O00548,2023-12-21,Grocery,Essentials,8,4340,0.27,25345.6,6145.1,Consumer,South
O00549,2023-07-06,Clothing,Women,5,4658,0.12,20495.2,1769.88,Corporate,West
O00550,2023-06-20,Sports,Indoor,2,4966,0.07,9236.76,1390.0,Home Office,North
O00551,2023-05-05,Sports,Indoor,8,3675,0.14,25284.0,3183.85,Consumer,West
O00552,2023-03-01,Home,Kitchen,6,757,0.01,4496.58,927.16,Corporate,East
O00553,2023-04-18,Sports,Fitness,5,2497,0.16,10487.4,2296.04,Consumer,East
O00554,2023-01-06,Clothing,Women,8,707,0.08,5203.52,1198.46,Home Office,East
O00555,2023-08-02,Home,Kitchen,1,1575,0.07,1464.75,135.02,Corporate,East
O00556,2023-11-12,Electronics,Laptop,7,878,0.14,5285.56,1089.03,Home Office,South
O00557,2023-06-24,Electronics,Laptop,1,940,0.05,893.0,155.87,Consumer,East
O00558,2023-01-25,Grocery,Essentials,9,3071,0.04,26533.44,4327.18,Corporate,South
O00559,2023-02-17,Clothing,Men,7,2060,0.02,14131.6,1157.73,Corporate,South
O00560,2023-03-05,Home,Decor,5,4880,0.09,22204.0,2284.86,Corporate,West
O00561,2023-01-18,Electronics,Laptop,2,3166,0.01,6268.68,1033.02,Home Office,North
O00562,2023-03-17,Home,Kitchen,6,4686,0.09,25585.56,1485.28,Consumer,West
O00563,2023-01-12,Clothing,Women,8,2002,0.15,13613.6,1210.11,Consumer,South
O00564,2023-03-31,Home,Furniture,1,4571,0.08,4205.32,283.94,Corporate,North
O00565,2023-10-20,Grocery,Snacks,7,1069,0.2,5986.4,1341.71,Consumer,East
O00566,2023-01-27,Grocery,Essentials,4,4656,0.17,15457.92,3262.96,Home Office,West
O00567,2023-05-26,Sports,Outdoor,6,1287,0.12,6795.36,510.42,Consumer,South
O00568,2023-08-09,Grocery,Beverages,3,4666,0.24,10638.48,1056.44,Corporate,West
O00569,2023-02-19,Grocery,Essentials,4,3506,0.25,10518.0,1941.82,Corporate,North
O00570,2023-10-17,Grocery,Essentials,5,377,0.2,1508.0,157.03,Consumer,South
O00571,2023-06-12,Electronics,Laptop,7,4775,0.29,23731.75,4954.33,Consumer,North
O00572,2023-05-18,Sports,Fitness,3,1730,0.14,4463.4,776.09,Corporate,South
O00573,2023-12-07,Grocery,Snacks,7,344,0.13,2094.96,221.62,Home Office,South
O00574,2023-06-30,Clothing,Kids,1,4142,0.3,2899.4,315.49,Corporate,East
O00575,2023-11-02,Clothing,Women,8,1231,0.02,9651.04,1038.13,Home Office,East
O00576,2023-11-01,Sports,Fitness,3,2637,0.27,5775.03,1378.99,Corporate,West
O00577,2023-11-29,Grocery,Beverages,9,4973,0.21,35358.03,3417.94,Consumer,South
O00578,2023-08-30,Clothing,Kids,5,1369,0.04,6571.2,1124.99,Home Office,East
O00579,2023-08-14,Electronics,Laptop,9,4783,0.01,42616.53,7438.56,Home Office,West
O00580,2023-02-26,Clothing,Men,3,3579,0.15,9126.45,1612.48,Corporate,South
O00581,2023-04-20,Sports,Fitness,5,2272,0.01,11246.4,1378.25,Corporate,North
O00582,2023-02-05,Clothing,Women,2,2461,0.12,4331.36,340.69,Consumer,West
O00583,2023-07-14,Sports,Outdoor,1,3088,0.2,2470.4,590.88,Home Office,West
O00584,2023-07-25,Sports,Fitness,5,2808,0.19,11372.4,1918.44,Corporate,West
O00585,2023-01-15,Electronics,Mobile,7,3313,0.04,22263.36,1675.41,Consumer,North
O00586,2023-09-13,Grocery,Beverages,5,2256,0.27,8234.4,1473.8,Home Office,South
O00587,2023-07-09,Home,Furniture,5,884,0.17,3668.6,292.18,Home Office,West
O00588,2023-04-05,Sports,Fitness,4,2438,0.27,7118.96,1143.46,Corporate,South
O00589,2023-04-06,Sports,Outdoor,9,1370,0.14,10603.8,822.89,Home Office,East
O00590,2023-07-12,Home,Furniture,6,2675,0.3,11235.0,1871.11,Home Office,South
O00591,2023-01-29,Sports,Fitness,1,4901,0.2,3920.8,730.99,Home Office,North
O00592,2023-08-31,Home,Decor,5,1744,0.08,8022.4,1691.28,Corporate,East
O00593,2023-12-08,Home,Furniture,9,1599,0.13,12520.17,2171.26,Home Office,East
O00594,2023-05-17,Grocery,Beverages,3,1149,0.09,3136.77,331.15,Home Office,West
O00595,2023-01-11,Home,Decor,7,4145,0.01,28724.85,3134.83,Corporate,South
O00596,2023-08-08,Home,Decor,6,1041,0.18,5121.72,924.93,Consumer,East
O00597,2023-06-03,Home,Kitchen,8,362,0.19,2345.76,336.0,Corporate,South
O00598,2023-07-27,Grocery,Essentials,3,1752,0.16,4415.04,867.46,Consumer,North
O00599,2023-03-16,Electronics,Mobile,6,3737,0.1,20179.8,3735.94,Consumer,East
O00600,2023-11-09,Clothing,Kids,6,2576,0.04,14837.76,2476.55,Corporate,North
O00601,2023-09-30,Sports,Fitness,1,2929,0.05,2782.55,505.37,Home Office,West
O00602,2023-06-30,Grocery,Snacks,8,1046,0.0,8368.0,1445.96,Corporate,West
O00603,2023-06-18,Clothing,Women,7,3690,0.19,20922.3,5040.46,Corporate,South
O00604,2023-08-24,Electronics,Accessories,2,4937,0.26,7306.76,799.89,Consumer,West
O00605,2023-03-12,Clothing,Men,4,4622,0.21,14605.52,1358.07,Corporate,South
O00606,2023-09-01,Electronics,Mobile,3,3936,0.08,10863.36,1185.12,Home Office,East
O00607,2023-09-08,Home,Kitchen,9,607,0.26,4042.62,653.57,Home Office,East
O00608,2023-02-08,Grocery,Snacks,1,3722,0.28,2679.84,538.72,Consumer,West
O00609,2023-12-12,Home,Kitchen,4,792,0.06,2977.92,552.99,Home Office,South
O00610,2023-04-05,Sports,Indoor,6,1835,0.24,8367.6,1204.13,Corporate,North
O00611,2023-09-03,Electronics,Laptop,1,1647,0.29,1169.37,63.63,Consumer,West
O00612,2023-06-21,Sports,Outdoor,5,370,0.18,1517.0,83.17,Corporate,South
O00613,2023-12-30,Home,Decor,2,1871,0.23,2881.34,665.9,Home Office,East
O00614,2023-04-03,Clothing,Kids,4,990,0.18,3247.2,391.68,Corporate,South
O00615,2023-02-24,Grocery,Essentials,6,1549,0.24,7063.44,1198.75,Home Office,West
O00616,2023-08-03,Grocery,Essentials,7,4628,0.17,26888.68,2338.45,Consumer,South
O00617,2023-12-05,Sports,Fitness,7,989,0.02,6784.54,938.75,Corporate,West
O00618,2023-12-15,Sports,Fitness,3,3689,0.12,9738.96,2151.93,Home Office,East
O00619,2023-12-09,Clothing,Kids,4,1814,0.02,7110.88,456.74,Consumer,East
O00620,2023-08-14,Electronics,Laptop,5,1116,0.28,4017.6,825.87,Consumer,South
O00621,2023-11-02,Electronics,Mobile,1,2413,0.28,1737.36,379.5,Consumer,North
O00622,2023-01-25,Grocery,Beverages,9,519,0.11,4157.19,1030.57,Corporate,South
O00623,2023-02-25,Sports,Fitness,2,3615,0.05,6868.5,419.55,Home Office,West
O00624,2023-01-06,Electronics,Mobile,4,913,0.3,2556.4,149.0,Home Office,South
O00625,2023-03-07,Sports,Outdoor,5,4343,0.05,20629.25,4321.89,Corporate,East
O00626,2023-02-04,Sports,Indoor,2,3282,0.1,5907.6,1219.83,Home Office,North
O00627,2023-08-02,Clothing,Women,6,1551,0.15,7910.1,1393.31,Home Office,West
O00628,2023-01-28,Home,Kitchen,7,3903,0.13,23769.27,3937.9,Home Office,West
O00629,2023-11-29,Sports,Indoor,1,226,0.12,198.88,31.76,Corporate,East
O00630,2023-11-24,Grocery,Beverages,6,4179,0.23,19306.98,4803.89,Home Office,East
O00631,2023-05-31,Sports,Indoor,8,4280,0.3,23968.0,2196.98,Home Office,West
O00632,2023-12-09,Home,Decor,7,1475,0.11,9189.25,1550.74,Home Office,North
O00633,2023-10-30,Sports,Outdoor,7,1982,0.17,11515.42,1059.67,Home Office,South
O00634,2023-10-14,Clothing,Kids,6,1470,0.21,6967.8,1139.08,Consumer,South
O00635,2023-01-28,Sports,Outdoor,1,3831,0.08,3524.52,471.65,Consumer,South
O00636,2023-02-07,Electronics,Laptop,2,396,0.15,673.2,72.12,Corporate,North
O00637,2023-06-01,Home,Kitchen,2,4966,0.05,9435.4,1361.81,Home Office,South
O00638,2023-05-06,Electronics,Mobile,8,1158,0.27,6762.72,603.63,Home Office,South
O00639,2023-11-25,Electronics,Laptop,3,4918,0.18,12098.28,1320.52,Consumer,South
O00640,2023-02-03,Home,Furniture,2,1971,0.06,3705.48,368.22,Consumer,North
O00641,2023-01-30,Sports,Indoor,5,1614,0.03,7827.9,660.41,Consumer,West
O00642,2023-01-09,Clothing,Men,9,578,0.0,5202.0,935.71,Consumer,North
O00643,2023-09-15,Clothing,Men,3,3432,0.17,8545.68,1560.49,Consumer,North
O00644,2023-01-09,Grocery,Beverages,9,166,0.01,1479.06,142.31,Corporate,North
O00645,2023-05-21,Home,Decor,5,3680,0.01,18216.0,1673.89,Consumer,South
O00646,2023-10-06,Grocery,Snacks,4,298,0.09,1084.72,143.33,Home Office,West
O00647,2023-10-03,Sports,Fitness,3,2344,0.23,5414.64,1019.75,Home Office,North
O00648,2023-03-11,Sports,Indoor,9,3184,0.13,24930.72,4397.87,Home Office,South
O00649,2023-11-14,Home,Kitchen,6,1315,0.19,6390.9,828.62,Consumer,West
O00650,2023-11-01,Electronics,Accessories,3,3017,0.19,7331.31,404.06,Consumer,West
O00651,2023-01-07,Home,Kitchen,4,1677,0.16,5634.72,1325.52,Home Office,South
O00652,2023-12-03,Clothing,Men,6,1013,0.28,4376.16,816.19,Corporate,West
O00653,2023-07-08,Home,Kitchen,3,3653,0.02,10739.82,917.45,Corporate,East
O00654,2023-06-28,Clothing,Men,6,1307,0.07,7293.06,1740.96,Corporate,East
O00655,2023-07-15,Electronics,Mobile,1,2816,0.22,2196.48,407.55,Home Office,East
O00656,2023-06-21,Home,Kitchen,8,2430,0.29,13802.4,1291.11,Home Office,North
O00657,2023-07-06,Home,Decor,5,789,0.12,3471.6,574.78,Home Office,North
O00658,2023-09-27,Home,Furniture,3,471,0.28,1017.36,132.71,Home Office,West
O00659,2023-02-19,Sports,Outdoor,1,3039,0.22,2370.42,171.9,Corporate,South
O00660,2023-07-09,Clothing,Kids,6,4757,0.19,23119.02,2406.96,Home Office,North
O00661,2023-08-29,Electronics,Laptop,8,451,0.17,2994.64,745.95,Consumer,North
O00662,2023-07-11,Clothing,Women,9,1205,0.13,9435.15,2132.18,Consumer,North
O00663,2023-09-02,Home,Kitchen,2,3739,0.16,6281.52,902.0,Corporate,East
O00664,2023-05-10,Sports,Indoor,1,1038,0.14,892.68,90.45,Consumer,East
O00665,2023-05-28,Clothing,Women,6,2740,0.3,11508.0,1577.2,Home Office,North
O00666,2023-04-10,Sports,Outdoor,5,1549,0.07,7202.85,360.47,Corporate,West
O00667,2023-04-07,Clothing,Kids,6,2398,0.02,14100.24,2746.81,Consumer,West
O00668,2023-04-16,Grocery,Snacks,2,1806,0.22,2817.36,541.5,Consumer,East
O00669,2023-01-18,Grocery,Beverages,2,3021,0.08,5558.64,972.39,Corporate,North
O00670,2023-07-01,Electronics,Mobile,7,4384,0.15,26084.8,5798.37,Home Office,South
O00671,2023-09-20,Clothing,Women,4,1958,0.24,5952.32,679.43,Corporate,South
O00672,2023-11-30,Clothing,Men,4,3988,0.26,11804.48,820.1,Consumer,East
O00673,2023-11-24,Grocery,Beverages,3,2838,0.01,8428.86,1945.61,Consumer,South
O00674,2023-11-15,Electronics,Mobile,8,1507,0.02,11814.88,1032.91,Consumer,East
O00675,2023-02-11,Grocery,Essentials,6,4654,0.27,20384.52,3028.96,Corporate,North
O00676,2023-04-20,Clothing,Kids,1,1417,0.1,1275.3,105.67,Corporate,East
O00677,2023-07-17,Home,Furniture,2,3285,0.06,6175.8,1323.17,Consumer,North
O00678,2023-06-17,Home,Furniture,5,1651,0.05,7842.25,1731.48,Corporate,West
O00679,2023-07-06,Grocery,Snacks,4,685,0.15,2329.0,123.15,Home Office,East
O00680,2023-07-25,Grocery,Snacks,7,2255,0.09,14364.35,1801.44,Corporate,West
O00681,2023-05-30,Home,Kitchen,2,224,0.13,389.76,84.17,Consumer,West
O00682,2023-02-14,Electronics,Laptop,5,3229,0.03,15660.65,1964.98,Consumer,East
O00683,2023-02-05,Clothing,Men,7,4018,0.29,19969.46,2405.63,Consumer,East
O00684,2023-10-21,Home,Furniture,5,1690,0.25,6337.5,960.94,Home Office,West
O00685,2023-04-07,Sports,Indoor,3,2226,0.19,5409.18,955.55,Consumer,North
O00686,2023-09-27,Home,Kitchen,2,3214,0.02,6299.44,736.77,Corporate,East
O00687,2023-07-28,Clothing,Kids,2,769,0.24,1168.88,147.78,Consumer,South
O00688,2023-03-03,Home,Decor,3,4251,0.18,10457.46,1623.17,Home Office,West
O00689,2023-07-18,Electronics,Laptop,2,1565,0.05,2973.5,214.01,Consumer,East
O00690,2023-01-25,Electronics,Accessories,6,2594,0.17,12918.12,2851.43,Consumer,West
O00691,2023-04-30,Home,Furniture,6,4236,0.02,24907.68,1978.48,Consumer,North
O00692,2023-11-20,Sports,Outdoor,2,988,0.07,1837.68,390.44,Consumer,North
O00693,2023-07-02,Sports,Indoor,8,3101,0.22,19350.24,3083.18,Consumer,West
O00694,2023-02-14,Clothing,Men,1,2421,0.22,1888.38,208.27,Corporate,North
O00695,2023-02-16,Electronics,Laptop,1,256,0.1,230.4,55.39,Home Office,West
O00696,2023-08-05,Electronics,Mobile,5,2394,0.22,9336.6,2183.29,Corporate,South
O00697,2023-10-02,Grocery,Snacks,2,1816,0.06,3414.08,797.0,Consumer,West
O00698,2023-06-03,Electronics,Mobile,8,2978,0.22,18582.72,3888.62,Home Office,West
O00699,2023-07-08,Grocery,Snacks,6,1169,0.22,5470.92,1154.47,Corporate,South
O00700,2023-12-14,Electronics,Mobile,9,2611,0.12,20679.12,3446.88,Corporate,West
O00701,2023-07-18,Grocery,Essentials,9,1457,0.16,11014.92,1000.3,Consumer,South
O00702,2023-01-02,Electronics,Mobile,4,3110,0.29,8832.4,1704.87,Corporate,West
O00703,2023-10-09,Electronics,Laptop,1,3761,0.08,3460.12,482.15,Consumer,West
O00704,2023-10-31,Grocery,Beverages,9,1202,0.1,9736.2,1241.75,Corporate,West
O00705,2023-09-29,Grocery,Essentials,3,3979,0.23,9191.49,2252.67,Home Office,South
O00706,2023-01-12,Grocery,Snacks,6,2096,0.27,9180.48,678.22,Home Office,South
O00707,2023-06-04,Sports,Fitness,8,4675,0.26,27676.0,3265.79,Consumer,East
O00708,2023-01-23,Sports,Fitness,5,242,0.13,1052.7,87.48,Consumer,North
O00709,2023-11-24,Electronics,Accessories,3,4600,0.22,10764.0,2339.08,Corporate,West
O00710,2023-10-21,Sports,Fitness,7,3697,0.08,23808.68,4505.52,Home Office,South
O00711,2023-09-25,Clothing,Men,1,1062,0.09,966.42,151.24,Home Office,West
O00712,2023-01-19,Clothing,Men,2,4409,0.27,6437.14,1072.02,Corporate,West
O00713,2023-05-20,Electronics,Laptop,2,873,0.06,1641.24,300.9,Consumer,South
O00714,2023-01-08,Clothing,Kids,5,839,0.06,3943.3,832.17,Consumer,South
O00715,2023-06-16,Grocery,Snacks,6,953,0.17,4745.94,566.67,Home Office,East
O00716,2023-11-26,Electronics,Mobile,6,1369,0.26,6078.36,688.07,Home Office,South
O00717,2023-04-30,Clothing,Women,1,341,0.02,334.18,38.4,Consumer,West
O00718,2023-08-08,Sports,Outdoor,7,2107,0.14,12684.14,2620.54,Consumer,West
O00719,2023-02-26,Grocery,Beverages,9,3965,0.14,30689.1,6395.21,Corporate,East
O00720,2023-08-17,Sports,Fitness,7,4484,0.25,23541.0,2412.52,Corporate,West
O00721,2023-01-30,Home,Decor,2,4597,0.1,8274.6,935.91,Consumer,South
O00722,2023-01-13,Grocery,Snacks,2,3357,0.17,5572.62,854.42,Consumer,West
O00723,2023-09-08,Clothing,Kids,2,4936,0.09,8983.52,811.15,Corporate,West
O00724,2023-07-01,Electronics,Laptop,5,2027,0.05,9628.25,1535.37,Consumer,East
O00725,2023-04-18,Sports,Fitness,8,3038,0.03,23574.88,4723.33,Corporate,North
O00726,2023-05-31,Sports,Indoor,2,4477,0.26,6625.96,789.63,Corporate,West
O00727,2023-11-29,Electronics,Accessories,5,1520,0.19,6156.0,1414.96,Consumer,North
O00728,2023-09-12,Clothing,Kids,8,1898,0.23,11691.68,2166.23,Home Office,West
O00729,2023-05-31,Grocery,Snacks,6,2724,0.06,15363.36,2906.12,Consumer,North
O00730,2023-05-03,Sports,Outdoor,1,4414,0.25,3310.5,301.92,Corporate,North
O00731,2023-01-09,Grocery,Essentials,5,4552,0.09,20711.6,1190.49,Consumer,South
O00732,2023-11-29,Grocery,Beverages,8,198,0.04,1520.64,360.51,Home Office,South
O00733,2023-04-15,Sports,Indoor,6,2983,0.19,14497.38,1348.71,Consumer,West
O00734,2023-03-24,Home,Kitchen,9,754,0.22,5293.08,332.19,Corporate,East
O00735,2023-08-03,Clothing,Women,4,4085,0.01,16176.6,1905.0,Corporate,West
O00736,2023-03-04,Sports,Fitness,9,672,0.26,4475.52,886.93,Consumer,East
O00737,2023-12-02,Clothing,Men,4,4624,0.07,17201.28,1863.56,Consumer,South
O00738,2023-12-13,Clothing,Men,7,3011,0.11,18758.53,2438.55,Home Office,South
O00739,2023-05-12,Clothing,Women,7,4756,0.1,29962.8,6266.18,Consumer,East
O00740,2023-08-27,Electronics,Accessories,7,997,0.28,5024.88,382.95,Home Office,East
O00741,2023-03-21,Home,Decor,2,4122,0.27,6018.12,1164.22,Consumer,East
O00742,2023-08-02,Sports,Fitness,4,4673,0.12,16448.96,4002.71,Consumer,South
O00743,2023-12-17,Clothing,Men,2,687,0.16,1154.16,154.0,Home Office,South
O00744,2023-02-06,Sports,Fitness,7,264,0.12,1626.24,244.83,Consumer,East
O00745,2023-10-27,Sports,Indoor,4,967,0.21,3055.72,747.59,Home Office,North
O00746,2023-02-11,Grocery,Snacks,4,645,0.25,1935.0,99.51,Consumer,North
O00747,2023-07-12,Sports,Indoor,6,1567,0.21,7427.58,1146.15,Consumer,East
O00748,2023-07-04,Sports,Indoor,5,4244,0.01,21007.8,4304.44,Corporate,East
O00749,2023-11-30,Grocery,Snacks,8,2294,0.24,13947.52,726.7,Consumer,South
O00750,2023-09-19,Sports,Fitness,1,3975,0.14,3418.5,437.03,Consumer,North
O00751,2023-07-01,Clothing,Kids,5,191,0.28,687.6,166.68,Consumer,West
O00752,2023-10-04,Sports,Outdoor,2,4214,0.12,7416.64,1852.37,Home Office,North
O00753,2023-04-19,Home,Furniture,6,4176,0.08,23051.52,2611.54,Corporate,North
O00754,2023-07-30,Home,Furniture,1,2348,0.0,2348.0,498.1,Home Office,South
O00755,2023-03-04,Clothing,Women,4,2476,0.0,9904.0,1005.52,Corporate,West
O00756,2023-03-22,Home,Furniture,5,4618,0.26,17086.6,4120.75,Home Office,West
O00757,2023-07-15,Sports,Indoor,9,303,0.25,2045.25,126.42,Home Office,West
O00758,2023-12-10,Sports,Indoor,9,822,0.18,6066.36,753.41,Home Office,East
O00759,2023-08-02,Electronics,Mobile,9,2047,0.15,15659.55,3269.76,Home Office,East
O00760,2023-11-11,Sports,Outdoor,5,2580,0.23,9933.0,965.48,Corporate,East
O00761,2023-01-18,Grocery,Beverages,2,2003,0.29,2844.26,467.14,Home Office,East
O00762,2023-06-11,Electronics,Mobile,2,2575,0.14,4429.0,1041.55,Home Office,West
O00763,2023-06-28,Clothing,Women,9,2142,0.22,15036.84,1126.02,Home Office,South
O00764,2023-07-13,Sports,Indoor,4,3639,0.1,13100.4,2984.3,Home Office,South
O00765,2023-01-01,Grocery,Snacks,6,3482,0.01,20683.08,2632.08,Home Office,North
O00766,2023-12-25,Grocery,Beverages,5,4373,0.0,21865.0,4433.59,Corporate,South
O00767,2023-09-09,Clothing,Kids,1,2474,0.2,1979.2,382.38,Home Office,East
O00768,2023-02-13,Clothing,Women,2,3657,0.3,5119.8,540.92,Home Office,South
O00769,2023-11-28,Clothing,Men,2,2361,0.2,3777.6,278.8,Consumer,West
O00770,2023-01-17,Electronics,Accessories,8,4005,0.04,30758.4,3320.23,Corporate,East
O00771,2023-01-04,Sports,Indoor,9,4912,0.11,39345.12,5043.39,Home Office,East
O00772,2023-02-25,Home,Furniture,5,1291,0.21,5099.45,620.77,Consumer,West
O00773,2023-09-15,Sports,Indoor,6,1867,0.07,10417.86,1845.28,Consumer,North
O00774,2023-04-17,Grocery,Beverages,4,4366,0.26,12923.36,1794.24,Home Office,East
O00775,2023-06-30,Home,Kitchen,8,3786,0.3,21201.6,2014.83,Consumer,West
O00776,2023-09-16,Sports,Indoor,1,4057,0.17,3367.31,353.34,Consumer,South
O00777,2023-06-11,Home,Kitchen,7,2264,0.17,13153.84,2319.61,Home Office,West
O00778,2023-01-20,Home,Furniture,7,4176,0.09,26601.12,2297.08,Consumer,South
O00779,2023-04-01,Clothing,Men,7,1674,0.28,8436.96,1886.0,Corporate,South
O00780,2023-06-14,Clothing,Women,4,3506,0.19,11359.44,2463.46,Consumer,West
O00781,2023-10-20,Electronics,Laptop,2,2280,0.01,4514.4,802.63,Corporate,East
O00782,2023-06-12,Clothing,Kids,2,186,0.05,353.4,25.04,Corporate,West
O00783,2023-06-30,Clothing,Women,9,3635,0.03,31733.55,5709.22,Home Office,North
O00784,2023-08-14,Grocery,Snacks,7,1682,0.08,10832.08,1375.8,Consumer,East
O00785,2023-06-28,Clothing,Kids,3,2028,0.28,4380.48,970.9,Home Office,West
O00786,2023-01-21,Home,Furniture,4,1993,0.21,6297.88,1228.5,Home Office,East
O00787,2023-04-09,Clothing,Kids,4,4142,0.2,13254.4,2993.7,Home Office,East
O00788,2023-07-10,Grocery,Essentials,1,4476,0.23,3446.52,577.89,Home Office,South
O00789,2023-07-08,Clothing,Women,5,2924,0.13,12719.4,1829.11,Home Office,South
O00790,2023-08-06,Clothing,Women,5,148,0.1,666.0,155.03,Consumer,North
O00791,2023-09-11,Sports,Indoor,6,2402,0.08,13259.04,1500.04,Home Office,East
O00792,2023-07-27,Electronics,Mobile,3,1047,0.21,2481.39,606.85,Home Office,East
O00793,2023-12-24,Sports,Indoor,6,2302,0.25,10359.0,1024.83,Corporate,North
O00794,2023-12-07,Home,Furniture,5,3370,0.06,15839.0,1114.68,Corporate,South
O00795,2023-03-21,Clothing,Men,9,3442,0.21,24472.62,4909.79,Consumer,South
O00796,2023-06-15,Sports,Indoor,7,3915,0.04,26308.8,4080.21,Home Office,South
O00797,2023-03-31,Sports,Outdoor,9,3420,0.18,25239.6,2646.18,Consumer,East
O00798,2023-02-11,Electronics,Accessories,8,826,0.21,5220.32,1193.48,Consumer,East
O00799,2023-03-28,Clothing,Women,2,2684,0.23,4133.36,719.0,Corporate,South
O00800,2023-02-22,Grocery,Snacks,6,166,0.18,816.72,93.49,Corporate,South
O00801,2023-04-13,Clothing,Women,7,1125,0.02,7717.5,1539.67,Consumer,North
O00802,2023-09-16,Electronics,Accessories,1,4823,0.29,3424.33,314.98,Corporate,East
O00803,2023-01-28,Home,Kitchen,1,2683,0.04,2575.68,519.76,Home Office,North
O00804,2023-04-25,Home,Kitchen,9,4165,0.18,30737.7,6177.22,Home Office,North
O00805,2023-08-03,Home,Furniture,2,1605,0.09,2921.1,353.19,Home Office,East
O00806,2023-01-02,Home,Decor,1,3709,0.06,3486.46,834.87,Consumer,East
O00807,2023-07-07,Grocery,Beverages,5,775,0.06,3642.5,561.59,Home Office,West
O00808,2023-11-21,Grocery,Snacks,7,1852,0.15,11019.4,1682.13,Home Office,South
O00809,2023-06-18,Home,Furniture,4,2215,0.28,6379.2,1367.03,Corporate,South
O00810,2023-10-12,Clothing,Men,4,2531,0.02,9921.52,531.14,Corporate,South
O00811,2023-02-28,Sports,Outdoor,3,200,0.06,564.0,28.97,Consumer,East
O00812,2023-05-03,Clothing,Kids,3,2103,0.08,5804.28,549.8,Consumer,South
O00813,2023-12-03,Grocery,Snacks,7,369,0.13,2247.21,251.85,Corporate,South
O00814,2023-04-10,Clothing,Kids,1,461,0.22,359.58,36.16,Corporate,North
O00815,2023-06-19,Electronics,Mobile,2,2609,0.1,4696.2,531.35,Consumer,East
O00816,2023-09-27,Sports,Indoor,2,4116,0.25,6174.0,598.92,Home Office,East
O00817,2023-01-20,Clothing,Women,6,1552,0.17,7728.96,1797.15,Corporate,West
O00818,2023-04-02,Electronics,Mobile,6,560,0.08,3091.2,564.37,Consumer,West
O00819,2023-10-16,Grocery,Beverages,5,1026,0.1,4617.0,287.88,Corporate,East
O00820,2023-03-03,Clothing,Men,3,4669,0.11,12466.23,843.71,Home Office,South
O00821,2023-05-10,Grocery,Snacks,3,1264,0.27,2768.16,214.66,Consumer,South
O00822,2023-02-27,Electronics,Accessories,2,2499,0.15,4248.3,928.63,Corporate,West
O00823,2023-11-19,Clothing,Kids,9,3242,0.04,28010.88,4662.34,Consumer,East
O00824,2023-07-23,Clothing,Men,8,910,0.12,6406.4,1461.97,Consumer,West
O00825,2023-02-15,Clothing,Kids,7,2805,0.04,18849.6,1295.19,Corporate,North
O00826,2023-09-21,Home,Kitchen,2,590,0.22,920.4,104.93,Corporate,North
O00827,2023-11-24,Electronics,Accessories,4,4476,0.2,14323.2,1699.81,Home Office,East
O00828,2023-07-07,Home,Kitchen,3,2019,0.06,5693.58,1139.34,Consumer,North
O00829,2023-12-18,Home,Furniture,3,466,0.29,992.58,125.64,Consumer,South
O00830,2023-06-10,Grocery,Snacks,5,4328,0.08,19908.8,4447.67,Home Office,East
O00831,2023-07-24,Electronics,Accessories,2,1877,0.02,3678.92,854.78,Home Office,North
O00832,2023-02-19,Clothing,Men,1,2569,0.09,2337.79,523.18,Corporate,South
O00833,2023-07-05,Clothing,Kids,9,1195,0.19,8711.55,577.89,Corporate,South
O00834,2023-04-14,Clothing,Kids,3,4081,0.16,10284.12,780.32,Corporate,North
O00835,2023-03-20,Sports,Outdoor,9,1517,0.23,10512.81,989.19,Corporate,North
O00836,2023-04-30,Sports,Indoor,3,1309,0.13,3416.49,524.28,Home Office,South
O00837,2023-05-13,Electronics,Accessories,3,3381,0.29,7201.53,611.82,Home Office,East
O00838,2023-01-29,Electronics,Laptop,4,1064,0.29,3021.76,154.03,Corporate,West
O00839,2023-04-09,Sports,Outdoor,2,1416,0.07,2633.76,652.13,Corporate,West
O00840,2023-10-26,Home,Decor,3,1113,0.01,3305.61,302.0,Corporate,North
O00841,2023-08-20,Home,Kitchen,8,1338,0.3,7492.8,1660.61,Corporate,North
O00842,2023-10-21,Home,Kitchen,9,1560,0.19,11372.4,1271.25,Home Office,North
O00843,2023-02-13,Electronics,Mobile,5,4478,0.28,16120.8,2116.54,Consumer,North
O00844,2023-10-29,Home,Kitchen,4,175,0.24,532.0,49.7,Corporate,East
O00845,2023-08-04,Sports,Outdoor,5,4462,0.05,21194.5,3465.06,Home Office,North
O00846,2023-08-15,Sports,Fitness,7,1500,0.0,10500.0,1715.4,Corporate,East
O00847,2023-09-12,Sports,Outdoor,5,2839,0.16,11923.8,1692.14,Consumer,South
O00848,2023-06-18,Grocery,Beverages,9,3557,0.23,24650.01,2268.75,Consumer,East
O00849,2023-11-09,Electronics,Mobile,3,4968,0.26,11028.96,1903.85,Home Office,East
O00850,2023-06-24,Grocery,Beverages,5,2117,0.19,8573.85,862.87,Corporate,East
O00851,2023-06-10,Grocery,Snacks,4,1538,0.06,5782.88,1139.26,Corporate,West
O00852,2023-03-30,Grocery,Beverages,4,431,0.09,1568.84,78.64,Corporate,West
O00853,2023-01-15,Grocery,Snacks,8,2837,0.19,18383.76,2228.36,Consumer,East
O00854,2023-09-20,Sports,Indoor,9,3501,0.26,23316.66,1757.15,Corporate,North
O00855,2023-09-02,Grocery,Essentials,3,1123,0.04,3234.24,454.91,Corporate,East
O00856,2023-07-05,Electronics,Mobile,9,500,0.14,3870.0,473.29,Corporate,North
O00857,2023-08-19,Grocery,Beverages,3,2613,0.15,6663.15,1461.61,Corporate,North
O00858,2023-04-11,Electronics,Mobile,6,1654,0.07,9229.32,1927.0,Corporate,West
O00859,2023-08-10,Electronics,Laptop,8,958,0.23,5901.28,496.34,Home Office,North
O00860,2023-06-27,Home,Kitchen,8,2145,0.11,15272.4,2129.9,Home Office,West
O00861,2023-05-17,Electronics,Mobile,6,4155,0.08,22935.6,4500.01,Consumer,North
O00862,2023-08-25,Home,Kitchen,7,4964,0.28,25018.56,5839.72,Corporate,North
O00863,2023-10-12,Clothing,Women,7,866,0.22,4728.36,538.3,Corporate,West
O00864,2023-04-19,Electronics,Laptop,8,3591,0.02,28153.44,2511.18,Home Office,South
O00865,2023-05-17,Home,Furniture,4,437,0.04,1678.08,390.89,Home Office,West
O00866,2023-08-23,Grocery,Beverages,6,3638,0.06,20518.32,1477.62,Home Office,East
O00867,2023-04-11,Electronics,Accessories,4,4794,0.03,18600.72,3117.95,Consumer,East
O00868,2023-11-02,Sports,Indoor,2,4279,0.03,8301.26,1096.59,Corporate,East
O00869,2023-05-19,Home,Kitchen,3,3071,0.11,8199.57,587.75,Consumer,South
O00870,2023-07-10,Clothing,Women,6,1837,0.19,8927.82,2135.87,Home Office,North
O00871,2023-02-17,Grocery,Essentials,7,120,0.22,655.2,163.23,Corporate,North
O00872,2023-01-09,Grocery,Beverages,7,1264,0.27,6459.04,402.62,Consumer,East
O00873,2023-04-05,Home,Furniture,5,342,0.08,1573.2,194.89,Corporate,South
O00874,2023-05-15,Home,Furniture,2,869,0.22,1355.64,205.45,Corporate,West
O00875,2023-09-19,Grocery,Beverages,1,1539,0.24,1169.64,128.01,Home Office,South
O00876,2023-01-24,Sports,Indoor,2,1170,0.0,2340.0,415.9,Consumer,South
O00877,2023-08-22,Grocery,Snacks,8,2527,0.0,20216.0,4625.45,Home Office,West
O00878,2023-04-28,Sports,Indoor,2,2613,0.24,3971.76,740.17,Consumer,North
O00879,2023-04-13,Grocery,Essentials,4,1092,0.24,3319.68,267.84,Home Office,East
O00880,2023-07-09,Clothing,Men,5,4933,0.11,21951.85,2881.92,Home Office,West
O00881,2023-01-07,Sports,Indoor,6,3815,0.02,22432.2,2713.99,Corporate,West
O00882,2023-11-19,Sports,Fitness,4,1718,0.19,5566.32,1002.74,Home Office,East
O00883,2023-07-29,Sports,Fitness,2,4598,0.22,7172.88,1444.51,Consumer,West
O00884,2023-04-14,Sports,Indoor,9,3210,0.05,27445.5,3224.72,Corporate,East
O00885,2023-08-28,Grocery,Essentials,3,383,0.2,919.2,199.7,Corporate,East
O00886,2023-09-08,Home,Furniture,9,4965,0.02,43791.3,9752.82,Consumer,East
O00887,2023-07-19,Clothing,Men,2,324,0.25,486.0,117.77,Consumer,South
O00888,2023-06-04,Grocery,Snacks,6,1359,0.16,6849.36,1443.65,Consumer,East
O00889,2023-02-26,Grocery,Snacks,8,1923,0.26,11384.16,1553.06,Corporate,South
O00890,2023-03-25,Electronics,Accessories,3,1877,0.29,3998.01,455.55,Corporate,North
O00891,2023-05-19,Home,Kitchen,7,3089,0.22,16865.94,1894.09,Home Office,East
O00892,2023-10-23,Home,Furniture,6,1259,0.13,6571.98,823.06,Corporate,West
O00893,2023-08-09,Grocery,Essentials,1,3332,0.16,2798.88,515.4,Consumer,North
O00894,2023-09-05,Grocery,Snacks,5,1821,0.19,7375.05,411.97,Home Office,North
O00895,2023-07-14,Sports,Outdoor,4,1515,0.06,5696.4,1367.98,Home Office,West
O00896,2023-06-13,Clothing,Men,1,4372,0.29,3104.12,395.07,Home Office,North
O00897,2023-09-10,Clothing,Women,7,923,0.05,6137.95,540.06,Corporate,West
O00898,2023-03-21,Home,Furniture,4,1993,0.25,5979.0,798.45,Home Office,South
O00899,2023-04-13,Sports,Fitness,8,1860,0.08,13689.6,3420.58,Home Office,West
O00900,2023-08-21,Home,Decor,7,973,0.13,5925.57,826.62,Corporate,North
O00901,2023-05-21,Sports,Fitness,7,444,0.14,2672.88,262.07,Home Office,North
O00902,2023-12-23,Clothing,Kids,8,562,0.02,4406.08,1027.44,Consumer,East
O00903,2023-12-29,Home,Furniture,7,2232,0.17,12967.92,3106.52,Corporate,North
O00904,2023-03-08,Sports,Fitness,9,1494,0.07,12504.78,1774.72,Corporate,North
O00905,2023-04-01,Sports,Fitness,2,697,0.03,1352.18,179.48,Consumer,South
O00906,2023-05-03,Electronics,Laptop,8,1631,0.26,9655.52,1804.05,Corporate,North
O00907,2023-06-30,Clothing,Men,3,2523,0.1,6812.1,769.21,Consumer,North
O00908,2023-04-06,Grocery,Beverages,7,4780,0.09,30448.6,6917.45,Consumer,East
O00909,2023-08-18,Clothing,Kids,6,335,0.14,1728.6,106.56,Corporate,North
O00910,2023-03-27,Sports,Indoor,8,4028,0.08,29646.08,4985.31,Home Office,East
O00911,2023-10-06,Clothing,Men,5,703,0.19,2847.15,521.52,Consumer,South
O00912,2023-06-28,Home,Furniture,6,1913,0.01,11363.22,2210.92,Corporate,East
O00913,2023-02-23,Sports,Indoor,2,2009,0.15,3415.3,214.21,Corporate,South
O00914,2023-07-08,Clothing,Men,6,3729,0.18,18346.68,1146.59,Home Office,East
O00915,2023-11-11,Grocery,Beverages,1,1167,0.21,921.93,208.94,Corporate,East
O00916,2023-12-24,Grocery,Beverages,1,1826,0.2,1460.8,313.75,Corporate,East
O00917,2023-07-23,Electronics,Laptop,2,456,0.19,738.72,116.73,Consumer,West
O00918,2023-09-19,Home,Decor,2,2328,0.19,3771.36,196.15,Corporate,West
O00919,2023-11-07,Home,Decor,1,2543,0.02,2492.14,476.49,Consumer,North
O00920,2023-05-07,Grocery,Snacks,5,1751,0.11,7791.95,429.86,Corporate,North
O00921,2023-11-25,Sports,Indoor,7,2372,0.3,11622.8,2536.34,Home Office,East
O00922,2023-03-21,Grocery,Snacks,7,4790,0.2,26824.0,1621.96,Consumer,West
O00923,2023-12-25,Clothing,Kids,2,1482,0.29,2104.44,170.75,Home Office,North
O00924,2023-04-12,Clothing,Men,7,3764,0.22,20551.44,4050.54,Consumer,North
O00925,2023-04-13,Clothing,Men,8,4137,0.0,33096.0,2153.97,Home Office,South
O00926,2023-04-23,Home,Furniture,7,3877,0.18,22253.98,1951.67,Consumer,North
O00927,2023-01-18,Sports,Indoor,7,3908,0.17,22705.48,3418.46,Corporate,West
O00928,2023-07-25,Home,Furniture,1,3016,0.18,2473.12,127.86,Home Office,East
O00929,2023-12-08,Electronics,Accessories,4,697,0.18,2286.16,298.74,Consumer,West
O00930,2023-06-03,Grocery,Beverages,4,816,0.2,2611.2,308.72,Home Office,East
O00931,2023-08-26,Grocery,Snacks,8,327,0.19,2118.96,519.05,Consumer,West
O00932,2023-05-30,Home,Furniture,3,1202,0.26,2668.44,401.24,Corporate,North
O00933,2023-11-30,Home,Furniture,1,4925,0.07,4580.25,555.36,Home Office,East
O00934,2023-01-12,Home,Decor,1,1729,0.12,1521.52,352.71,Consumer,East
O00935,2023-07-04,Electronics,Mobile,5,156,0.28,561.6,51.92,Consumer,South
O00936,2023-06-04,Clothing,Women,6,4411,0.23,20378.82,1815.18,Corporate,North
O00937,2023-03-29,Sports,Outdoor,6,4516,0.03,26283.12,5143.57,Consumer,North
O00938,2023-04-16,Clothing,Kids,8,3017,0.12,21239.68,3122.54,Consumer,West
O00939,2023-10-19,Grocery,Beverages,6,3341,0.22,15635.88,2151.85,Home Office,North
O00940,2023-10-14,Sports,Indoor,9,4509,0.02,39769.38,5618.72,Home Office,North
O00941,2023-07-17,Electronics,Laptop,2,3401,0.07,6325.86,1077.9,Home Office,West
O00942,2023-02-19,Home,Decor,4,703,0.27,2052.76,384.16,Corporate,East
O00943,2023-02-12,Clothing,Women,4,3788,0.05,14394.4,1408.84,Corporate,East
O00944,2023-08-01,Clothing,Men,1,4485,0.11,3991.65,844.92,Consumer,East
O00945,2023-12-19,Sports,Fitness,6,3575,0.05,20377.5,1549.99,Corporate,West
O00946,2023-10-07,Sports,Fitness,8,3103,0.04,23831.04,5284.51,Consumer,West
O00947,2023-06-12,Clothing,Women,6,1873,0.26,8316.12,1667.13,Home Office,North
O00948,2023-05-18,Sports,Outdoor,6,2047,0.2,9825.6,899.61,Home Office,South
O00949,2023-05-10,Grocery,Essentials,3,4580,0.11,12228.6,2589.67,Consumer,South
O00950,2023-12-06,Grocery,Essentials,9,4997,0.26,33280.02,6978.72,Consumer,East
O00951,2023-12-28,Grocery,Snacks,4,204,0.13,709.92,66.49,Home Office,East
O00952,2023-09-29,Electronics,Laptop,3,4833,0.07,13484.07,1937.94,Consumer,East
O00953,2023-08-06,Sports,Fitness,3,2137,0.13,5577.57,943.8,Corporate,South
O00954,2023-03-23,Sports,Outdoor,1,3749,0.24,2849.24,404.38,Home Office,North
O00955,2023-12-10,Clothing,Men,4,3772,0.05,14333.6,3263.86,Corporate,West
O00956,2023-05-05,Electronics,Laptop,3,1324,0.17,3296.76,733.1,Corporate,North
O00957,2023-11-21,Clothing,Men,9,4895,0.22,34362.9,8589.02,Consumer,South
O00958,2023-04-15,Electronics,Accessories,7,4763,0.0,33341.0,4664.96,Corporate,East
O00959,2023-07-07,Clothing,Kids,9,2207,0.02,19465.74,3302.12,Corporate,North
O00960,2023-02-17,Clothing,Men,4,2904,0.26,8595.84,994.12,Consumer,West
O00961,2023-04-11,Grocery,Beverages,6,4911,0.13,25635.42,2754.57,Consumer,East
O00962,2023-09-28,Clothing,Women,7,2101,0.13,12795.09,2053.16,Consumer,West
O00963,2023-12-20,Clothing,Kids,9,4741,0.24,32428.44,7138.02,Home Office,North
O00964,2023-08-29,Clothing,Women,4,4528,0.1,16300.8,2338.8,Home Office,East
O00965,2023-10-25,Sports,Fitness,1,4037,0.02,3956.26,285.28,Home Office,North
O00966,2023-07-16,Home,Decor,1,4717,0.25,3537.75,576.54,Corporate,South
O00967,2023-05-12,Electronics,Accessories,4,4755,0.14,16357.2,1246.03,Corporate,South
O00968,2023-02-12,Electronics,Accessories,9,1081,0.14,8366.94,1289.05,Corporate,South
O00969,2023-09-02,Clothing,Women,2,1667,0.06,3133.96,580.47,Corporate,North
O00970,2023-05-19,Sports,Indoor,5,3285,0.12,14454.0,1029.39,Consumer,East
O00971,2023-04-25,Grocery,Snacks,2,2989,0.22,4662.84,712.9,Home Office,South
O00972,2023-05-25,Grocery,Snacks,6,2855,0.07,15930.9,3764.44,Home Office,North
O00973,2023-03-16,Home,Furniture,6,1966,0.22,9200.88,2285.64,Home Office,South
O00974,2023-07-13,Electronics,Accessories,9,2170,0.21,15428.7,1743.3,Consumer,West
O00975,2023-11-11,Sports,Fitness,9,1072,0.22,7525.44,882.45,Consumer,West
O00976,2023-11-26,Clothing,Women,6,3327,0.01,19762.38,1026.77,Home Office,West
O00977,2023-11-27,Home,Kitchen,6,4591,0.11,24515.94,1958.33,Consumer,North
O00978,2023-11-10,Home,Furniture,2,1393,0.15,2368.1,542.88,Corporate,South
O00979,2023-05-16,Clothing,Women,9,4130,0.2,29736.0,6594.5,Home Office,East
O00980,2023-07-09,Home,Decor,6,4423,0.24,20168.88,4443.16,Corporate,North
O00981,2023-05-16,Grocery,Snacks,4,2438,0.19,7899.12,994.66,Home Office,West
O00982,2023-07-24,Grocery,Essentials,5,535,0.17,2220.25,384.35,Consumer,North
O00983,2023-10-02,Grocery,Snacks,6,205,0.03,1193.1,161.57,Home Office,North
O00984,2023-02-27,Sports,Outdoor,5,2725,0.15,11581.25,1297.18,Consumer,North
O00985,2023-09-08,Sports,Fitness,1,3060,0.26,2264.4,179.8,Home Office,West
O00986,2023-02-28,Clothing,Men,8,1760,0.25,10560.0,1287.95,Consumer,North
O00987,2023-12-04,Home,Furniture,3,1412,0.29,3007.56,711.64,Home Office,West
O00988,2023-09-06,Electronics,Mobile,7,4183,0.02,28695.38,4746.58,Corporate,West
O00989,2023-03-07,Home,Furniture,9,1687,0.23,11690.91,675.3,Corporate,West
O00990,2023-01-08,Electronics,Mobile,9,3514,0.26,23403.24,1358.7,Corporate,West
O00991,2023-10-19,Sports,Outdoor,1,2809,0.21,2219.11,181.8,Corporate,East
O00992,2023-08-07,Electronics,Laptop,3,109,0.1,294.3,51.3,Consumer,East
O00993,2023-09-28,Home,Furniture,5,3754,0.21,14828.3,1889.67,Home Office,East
O00994,2023-05-10,Sports,Fitness,4,1766,0.0,7064.0,588.8,Home Office,East
O00995,2023-02-21,Home,Furniture,9,112,0.02,987.84,119.81,Consumer,South
O00996,2023-04-19,Grocery,Snacks,2,3222,0.24,4897.44,836.29,Home Office,East
O00997,2023-04-15,Grocery,Beverages,4,4612,0.0,18448.0,957.16,Corporate,West
O00998,2023-04-04,Grocery,Beverages,9,1488,0.13,11651.04,2530.88,Consumer,East
O00999,2023-12-21,Grocery,Snacks,5,4321,0.28,15555.6,1021.46,Consumer,South
O01000,2023-05-27,Electronics,Mobile,9,4638,0.26,30889.08,4801.74,Home Office,North
